Wind_direction,Humidity,Pressure ,Temperature
97.2,90.4,881.6,-4.9
98.3,90.6,882.1,-4.9
93.9,89.8,882.8,-4.8
95.7,88.8,882.9,-4.6
101.8,86,882.9,-4.8
105.7,83.4,884.4,-4.7
96.3,81.9,884.1,-4.6
95.4,78.6,883.2,-4.5
93.4,73.7,883,-4.4
105.3,72.8,884.1,-4.5
110.7,74.6,886.8,-4.5
103.6,76.1,890,-4
100.8,73.9,893,-4.4
105.1,74.7,893.6,-4.5
104.8,74.6,893.1,-4.4
103.2,74.7,892.3,-4.3
96.9,76.1,891,-4.6
93.7,76.7,891.7,-4.6
91,79.4,893.2,-4.5
100.9,78.1,891.9,-4.5
97,76.7,891,-4.6
104.9,78.2,890.5,-4.7
92.4,79.7,889.8,-4.9
100.3,81.8,887.3,-5
105.3,83.3,886.5,-5.2
104.6,87.3,885.4,-5.4
100.9,90.2,884.4,-5.7
101.2,92.7,882.9,-5.9
107.6,94.7,881.8,-6
106.4,96.5,880.9,-6.1
111.6,98,880.2,-6.2
110.5,99.3,879.9,-6.2
106,99.4,879.5,-6.3
102.7,99.4,879.2,-6.4
97.7,99.4,879,-6.5
96,99.4,878.9,-6.7
100.1,99.3,878.8,-6.8
91.1,99.4,878.7,-6.7
96.9,99.3,878.7,-6.7
88.9,99.3,878.6,-6.7
102.5,99.3,878.5,-6.8
103.1,99.4,878.4,-6.9
98.3,99.3,878.4,-6.9
87.1,99.4,878.3,-7
88,99.3,878.3,-7.1
94.5,99.3,878.2,-7.2
92.3,99.3,878.1,-7.3
90.2,99.4,878,-7.3
89.2,99.3,878,-7.3
82.1,99.3,878,-7.4
93.7,99.3,877.9,-7.3
87.4,99.4,877.8,-7.2
90.1,97.7,877.7,-7.1
90.7,96.5,877.7,-7
99,95.2,877.7,-6.9
100,92.9,877.6,-6.9
95.9,90.9,877.6,-6.9
101,90,877.5,-7
100.2,89.2,877.5,-7.1
99.6,89.8,877.5,-7.2
92.8,87.9,877.3,-7.2
95.3,88.3,877.3,-7.2
94.5,88.3,877.2,-7.1
83.5,90.3,877.2,-7.2
82.3,90.2,877.1,-7.2
81.5,87.7,877,-7.2
85,86.6,877,-7.2
83.4,86.5,876.9,-7.3
78,85,876.9,-7.3
90.1,84.2,876.9,-7.4
97.6,84.4,876.8,-7.3
90.2,84.9,876.7,-7.4
95.9,84.4,876.6,-7.3
97.8,81.8,876.6,-7.3
104.2,82.6,876.5,-7.3
104.7,83.6,876.5,-7.3
117.9,84.4,876.4,-7.3
116.5,84,876.4,-7.3
116.5,85.6,876.3,-7.2
106.8,84.9,876.2,-7.3
113.5,82.1,876.2,-7.4
87.1,81.7,876.1,-7.4
112.8,81.7,876,-7.4
111.4,81.9,876,-7.5
114.4,82,875.9,-7.4
116.1,82.4,875.8,-7.5
115.5,82.8,875.8,-7.5
115.2,83.4,875.8,-7.5
128.7,84.5,875.6,-7.5
115,87.5,875.6,-7.5
129.3,88.6,875.7,-7.5
124.2,89.4,876.1,-7.5
133.5,89.1,876.1,-7.6
138.4,90,876.9,-7.4
137.8,90.3,877.7,-7.3
80.6,90.1,879.8,-7
101.5,89.7,880.7,-6.8
275.9,86.7,885.1,-5.7
227.6,82.4,889,-4.6
263.8,78.6,891.3,-4.5
272.5,82.2,893.4,-5.2
263.4,83.2,895.9,-4.9
259,82.1,897.1,-4.3
284.6,83.8,896.6,-4.9
274.4,84.7,895.8,-4.4
294.8,85.1,894.5,-4.5
302.6,85.6,895.5,-4.2
293.3,85.3,894.1,-4
306.1,83.9,894.7,-4
300.7,78.5,899.2,-3
301.6,76.3,892.4,-3.1
292.5,71.4,893.4,-2.8
288.6,69,894.1,-2.8
283.8,68.7,895,-2.7
292.5,68.2,899.3,-2.1
293.6,66.4,903.3,-1.7
296.8,62,903.7,-1.8
295.6,62.4,901.5,-1.8
289.7,64.6,900.4,-2
289.8,66.6,899.7,-2.1
296.2,67.4,898.3,-2.2
296.2,68.7,896.4,-2.3
298.8,69.9,894.8,-2.4
301.5,71,892.5,-2.7
296,73.4,890.4,-2.9
296.5,74.2,888.7,-3.1
288.5,76.6,887.7,-3.4
301.5,80,887,-3.6
297.3,82.4,886.6,-3.9
299,83.3,886.3,-4
297.1,84.3,885.9,-4.2
293.8,82.1,885.6,-3.9
288.2,80.6,885.4,-3.8
297.5,82.8,885.1,-4.1
295.8,86.8,884.8,-4.4
299.4,90.1,884.6,-4.6
299.7,91.6,884.4,-4.7
311.4,94.7,884.2,-5.2
305.2,97.1,883.9,-5.1
305.7,98.8,883.6,-5.1
302.4,99.4,883.4,-5.1
302.8,99.4,883.2,-5.1
305.9,99.4,883,-4.8
297.6,99.3,882.7,-4.6
297.4,97.9,882.5,-4.6
294.2,99.4,882.3,-5
295.3,99.4,882.1,-4.7
299.2,99.4,881.9,-4.8
307.6,99.4,881.7,-4.8
302.7,99,881.5,-4.6
300.8,98.2,881.2,-4.2
292.6,96.9,881.1,-4
288.5,96.9,880.9,-4.1
294.5,97.2,880.6,-4.2
287.4,97.7,880.3,-4.3
293.2,97.8,880,-4.5
297,95.4,879.8,-4.7
286.1,89.3,879.5,-4.6
297.8,83.2,879.2,-4.7
299.2,63.1,879,-4.6
289.3,63.5,878.7,-4.8
302.3,53.1,878.4,-4.7
297.7,51.5,878.1,-4.8
295.7,46.5,877.9,-5
296.8,45.8,877.6,-4.9
290.1,43.2,877.4,-5
294,38.9,877.1,-5
291,37.6,877,-5.1
291.7,37.9,876.8,-5.2
289.5,37.7,876.6,-5.1
294.4,37.7,876.4,-5
298.5,37.4,876.3,-5.4
290.4,36.1,876.2,-5.3
293.9,36.1,876.1,-5.4
293.3,35.9,876,-5.5
289.7,34.7,875.9,-5.3
298.2,35.7,875.9,-5.4
297.7,35.1,875.7,-5.1
293.5,35.6,875.7,-5.2
299.6,38.4,875.7,-5.5
295.1,47.2,875.6,-5.4
295.2,50.8,875.6,-5.9
296.9,62.4,875.4,-6.1
296.1,72.9,875.4,-6.2
293.7,72.2,876.4,-5.8
294.3,70.5,879,-5.9
295.6,64.1,881.8,-5.8
298.6,47,888,-5.5
291.8,41.1,891.9,-5.3
297.1,37.7,895.1,-5
291,35.2,898,-4.7
291.5,32.3,900.2,-4.4
291.4,34.1,902.3,-4.3
296.4,43.9,904.2,-4.1
290.3,50.9,906.7,-4.2
298.4,50.2,913.3,-3.9
298.7,42.8,933.4,-3.8
294.4,36.1,937.1,-3.4
304.4,35,937.2,-3.2
298.5,34.7,936.4,-2.9
301.6,37.2,936.4,-2.9
294.4,37.8,935.2,-2.6
297.7,37.8,934.9,-2.2
297.6,37.9,935.5,-1.8
288.8,36.5,935.1,-1.9
289.5,36.7,935.2,-1.6
294.1,35.5,936,-1.4
294,34.9,934.3,-1.4
289.8,36.7,935.6,-1.1
297.9,38.3,935,-1.3
298.3,38.7,921.3,-1.3
303.2,38.8,922,-1.2
300,37,921.3,-0.8
287.1,34.9,921.4,-0.9
300,34.6,920.9,-0.5
296.2,33.5,920.8,-0.6
295.6,32.2,921.7,-0.7
293.1,31.5,920.6,-0.6
298.7,30.3,921.6,-0.8
296.3,30.2,921.6,-0.8
290.9,32.8,908.5,-1
296.4,31.2,896.7,-1.3
299.8,32.1,891.9,-1.8
297.6,38.2,890.6,-2.1
293.9,39.3,890.1,-2.3
296.3,37.9,889.6,-2.4
298.6,36.8,889.3,-2.5
300.9,37.8,889,-2.6
296.7,39.3,888.7,-2.8
301,33.7,888.4,-2.5
299.1,35,888.2,-2.7
295.7,36.2,888,-2.7
303,38.2,887.8,-3
299.7,40.7,887.6,-3.3
298.9,41.3,887.4,-3.2
302.4,41.6,887.1,-3.2
298.5,41.2,887,-3.1
302.1,40.3,886.9,-3
305.4,39.7,886.7,-2.7
303,40.1,886.6,-2.8
307.6,41.4,886.5,-3.1
300,43.3,886.3,-3.2
295.8,45,886.2,-3.3
297.9,46,886,-3.3
299.4,47.8,885.9,-3.3
300.5,49.7,885.8,-3.2
295.1,52.1,885.6,-3.4
298.7,51.2,885.5,-3.4
295.8,51.7,885.5,-3.6
293.7,51.9,885.3,-3.8
294.7,52.5,885.2,-3.8
298,53.2,885,-3.4
295.3,55.9,884.9,-3.4
286.1,61.1,884.8,-4.5
295.8,60.7,884.7,-4.1
294.6,61.4,884.5,-4.2
292.9,61,884.4,-3.7
294.8,60.4,884.4,-3.7
288.8,61.7,884.3,-4
293.4,60.7,884.1,-3.9
291.3,57.6,884.1,-3.4
291.4,58,884,-3.6
286.4,57.2,883.9,-3.4
287.1,59.8,883.8,-3.6
283.8,65.1,883.8,-4.1
288,67,883.6,-4.2
290.3,67.9,883.5,-4.1
294,66.8,883.3,-4
289.1,65.1,883.3,-3.8
298.8,67.5,883.3,-4.2
297,68.5,883.1,-4.6
301.1,63,883,-4.4
296.8,55.1,882.9,-4.2
299.1,50.4,882.8,-4.5
300.2,44,882.7,-4.6
289.4,38.5,882.6,-4.4
288.3,41.2,882.5,-5
289.6,42.8,882.4,-5.1
299,43.2,882.3,-5.8
293.8,41.2,882,-5.5
298.8,41.1,882,-5.9
297.8,39.7,882,-5.6
296.7,41.7,882.2,-5.5
293.6,47.9,882.3,-5.4
283,55,888.2,-5.3
287.8,47.2,895.8,-4.9
289.3,41.5,900.9,-4.4
289.8,34.5,905.4,-3.9
292.8,34.4,911.5,-3.4
294,37.6,934.3,-3.2
293.5,39.6,937.3,-2.8
291.1,43.5,936.4,-2.7
295.9,41.2,934.6,-2.5
288.9,41.9,934.6,-2.3
292.4,44.6,934.6,-1.9
291,45.4,933.9,-2
285.1,44.4,935.1,-1.6
293.8,39.3,933.1,-0.9
301.9,36.6,933.6,-0.6
291.9,36,933.7,-0.6
291,35.7,932.6,-0.1
295.6,34.9,932.7,0.1
305.1,34.6,934,0.3
301.5,33.4,927.6,0.3
297.8,32.8,920.2,0.6
294.4,31.2,928.1,1.1
290.3,29.1,932.3,1.2
289.4,27.8,930.1,1.8
295.1,25.4,931.3,0.9
297.5,25.9,925.1,1.5
299.5,24.8,919.9,1.2
299.1,23,918.9,1.3
299.2,23.1,919.5,1.2
300.5,24.4,919.4,1.1
298.6,25.3,918.3,1
297.6,27,919.4,0.6
296,28.8,917.3,0.3
301.6,31.4,897.2,0
303.9,33.4,892.4,-0.5
308.5,34.2,890.8,-0.7
302.1,34.3,890.2,-0.7
306,35.4,889.7,-1.1
298.3,35.6,889.3,-1.1
291.2,35.5,889,-1
289.2,35.2,888.7,-1
280.8,35.3,888.4,-1
291.3,35.7,888.2,-1.1
280.8,37.1,888,-1.5
291.5,36.9,887.7,-1.4
283,38.6,887.6,-1.9
287.5,38.3,887.4,-1.9
278.1,40.7,887.1,-2.1
274.1,40.8,886.9,-2.1
272.7,40.6,886.7,-1.9
281.3,40.5,886.6,-1.9
266,41.3,886.5,-1.9
272.2,42.9,886.3,-2.2
282.5,43.1,886.2,-2.1
282.5,46.2,886,-2.8
277.4,46.8,885.8,-2.8
270.1,47.5,885.6,-2.7
283.7,47.4,885.5,-2.6
287.5,47.6,885.4,-2.3
290.7,48.1,885.3,-2.3
300.4,49.1,885.2,-2
298.3,49.9,885.1,-2.1
300.2,49.3,884.9,-1.7
304.3,51.1,884.9,-2
301.1,49.7,884.8,-1.6
293.7,50.8,884.7,-2
303.8,49.8,884.5,-1.9
300.6,49,884.5,-1.8
301.2,48.1,884.4,-1.7
302.1,47.9,884.3,-1.7
299.8,47.9,884.2,-1.7
298.9,46.4,884.1,-1.5
297.7,45.6,884,-1.4
291.4,46.1,883.9,-1.5
299.8,46.2,883.8,-1.6
295.8,45.7,883.7,-1.5
298.4,45.5,883.6,-1.5
303.9,44.1,883.4,-1.1
301.4,44.1,883.3,-1.1
304.5,45.9,883.3,-1.5
305.8,44.7,883.2,-1.2
318.4,43.9,883,-1
316.2,46,883,-1.3
312.6,43.8,882.9,-0.9
303.2,41.4,882.7,-0.3
294.1,41.5,882.7,-0.4
298.3,41,882.6,-0.4
306.7,40,882.6,-0.1
314.5,40.1,882.5,-0.2
314.3,39.3,882.5,-0.2
314.3,39.5,882.3,-0.3
320.3,39.8,882.3,-0.3
313.9,41.3,883.2,-0.6
319.4,41.7,884.8,-0.7
323.8,40.6,887.5,-0.6
322.3,38,890.8,0
327,39.8,893.9,-0.3
327.1,37.4,896.4,0.1
325.5,36.2,899.6,0.4
325.5,36,902.3,0.7
332.8,34.1,905,1.4
327.9,35.5,910,2.5
271.7,38.8,925.2,3.2
282.4,38.3,930,3.4
262.8,37,926.6,4.3
239.9,33.8,915.1,5.6
253.4,28.9,915,7.3
325.7,33.7,915.2,4.5
292.8,32.3,914.3,4.7
298.3,29.3,915.7,6.1
320.6,30.1,915,5.7
125.2,24.6,914.3,6.9
121,23.8,915,7.4
151.5,23.3,914.5,7.5
118.9,24.3,915.3,7
141.7,23.8,914.6,6.7
131.8,23.7,915.2,7
112.2,23.9,914.6,6.7
79.2,23.1,914.1,6.9
137.9,22.7,913.6,7.6
111.2,22.6,913.8,7.1
100.5,22.5,913.9,7.2
115.7,22.6,914.1,7.1
90.8,22.6,914.2,7.1
122.4,23.1,914.2,7.2
119.5,23.6,914.2,6.8
112.8,24,914.6,6.4
119.6,23.7,915.2,6.2
121.7,24.2,916,5.9
113.3,24.4,898.3,5.5
95.9,24.6,893.4,5.5
98.3,25,891.6,5.4
92.7,25.5,891,5.2
85.3,26,890.5,4.9
87.6,25.9,890.2,5.1
85.4,26.8,889.8,4.7
91.2,27.1,889.6,4.7
93.3,27.4,889.3,4.5
100.2,26.7,889.1,4.8
95.9,27,888.9,4.4
90.3,27.4,888.7,4.1
85,26.5,888.6,4.2
89.4,26.1,888.3,4.3
93.6,26.4,888.2,4.2
81.9,26.8,888,3.9
85.4,28.1,887.9,3.8
69.5,29.2,887.7,3.7
342.8,29,887.6,3.4
299.6,29.7,887.5,3
300,31.6,887.2,2.2
309.2,33.2,887.1,2.3
315.7,31.7,887,2.7
341.6,29.6,886.8,3.3
330.4,35.6,886.7,2.2
333.5,35.5,886.6,2
321.1,38.6,886.5,1.5
323.8,36.9,886.4,2.1
327,38.2,886.3,2.1
313.5,38.4,886.1,2
313.6,39.7,886,1.5
308.9,40.1,886,1.6
301.7,39.9,885.9,1.6
315.2,40.1,885.7,1.8
324.9,39.7,885.6,1.9
318.4,40.5,885.5,1.7
318.6,40.4,885.5,1.7
318.4,41.1,885.4,1.5
320.1,41,885.2,1.5
317.8,43,885.1,0.9
324.8,44.5,885,0.5
322.2,45.9,884.9,0.2
316.7,47.4,884.7,-0.2
308.5,46.5,884.6,-0.1
305.4,44.3,884.4,0.4
310.9,44.5,884.4,0.3
320.3,45.2,884.2,0.1
309,47.3,884.2,-0.4
284,45.9,884,-0.1
279.5,46.8,883.9,-0.4
295.6,48,883.8,-0.8
295.4,48.5,883.7,-0.9
302.2,48.4,883.6,-0.7
301.6,47.6,883.4,-0.2
300.7,47.7,883.3,-0.2
298.7,47.5,883.3,-0.2
292.4,47.9,883.3,-0.4
293.5,48.1,883.2,-0.2
289.9,47.7,883,-0.2
300.1,47.5,883.1,0.1
304,46.6,883.4,0.3
307.9,47.9,883.6,0
307.3,46.6,883.7,0.5
298.4,46,883.8,0.6
293.8,45.7,883.6,0.7
296.3,46.5,884.3,0.6
299.5,47,884.2,0.6
290.7,47.6,884,0.6
287.3,47.8,887.7,0.6
271.7,47.9,886.9,0.6
276.6,46.9,888.3,0.9
285.2,45.3,887.5,1.3
275,44,889.5,1.8
280.5,43.3,888.9,2
294,42.7,888.3,2.1
302,43.3,888.1,2
297.1,43.4,887.7,2
312.5,46.5,889.8,1.5
310.1,47.1,891.6,1.9
312.7,46.1,896.2,2.1
308.2,47.6,897.7,1.9
313.5,44.7,904.9,2.8
302.1,40.6,907.6,3.4
309.6,41.2,910,3.7
296.4,39.4,903.5,4.2
291.2,37.6,900.3,4.2
299,37.6,898.9,4
292.1,36.4,897.7,4
295.5,36.7,895.6,4
296.6,36.8,893.4,3.9
299.8,38.8,892.2,3.6
299.8,41.1,891.6,3.3
300.3,40.8,890.8,3.3
302.2,39.9,890.2,3.2
293,41.1,889.6,3
302.2,41.4,889,2.9
302.9,42.6,888.4,2.6
303.5,42.2,887.9,2.5
306.1,42.1,887.5,2.2
309.1,41.9,887.1,2.2
302.4,41.7,886.7,2.1
300.7,42.7,886.2,2
300.9,42.7,885.6,1.9
289.9,42.9,885.2,1.8
288.1,42.5,884.8,1.9
289.6,43.3,884.4,2
293.8,44.3,884.1,2.1
304.7,44.8,883.8,2.2
299.8,45,883.6,1.9
309,44.4,883.3,1.9
306.5,43.2,883.2,2
306.1,45.6,883.1,1.5
310.1,48.5,883,1
303.9,47.9,882.8,1
302,46.8,882.7,1.3
280.4,46.1,882.6,1.3
279.8,51.1,882.6,0.4
284.9,51.5,882.5,0.6
285.7,52.3,882.3,0.4
289,53.3,882.2,0.1
293.2,49.6,882.2,0.4
292.9,49.3,882.1,0.3
303.1,51.5,882,-0.3
299.3,54,881.9,-0.4
297.3,55,881.8,-0.6
291.5,55,881.7,-0.2
283.3,54.2,881.7,0.1
291.1,54.9,881.6,-0.2
273.8,58.5,881.5,-0.9
270.3,59.3,881.4,-1.2
274.6,58.4,881.3,-1.1
278.2,58,881.2,-1
291.7,55,881.1,-0.5
300.6,52.2,881.1,-0.2
297.4,53.6,881.1,-0.6
299.2,52.5,881.1,-0.4
293.7,50.7,881,0
292.9,50.8,881,0
300.9,51.2,880.9,-0.1
296.6,51.5,880.8,-0.3
299.8,54.2,880.8,-0.9
307.4,54.6,880.7,-1
305,55.9,880.7,-1.2
302.8,57,880.6,-1.5
296.1,56,880.4,-1.6
304.3,57.7,880.4,-2
303.9,58.5,880.3,-2.3
299.8,59.6,880.1,-2.6
296,60.1,880,-2.7
293,60.9,879.9,-2.9
271.6,64.8,879.7,-3.5
274.3,65.4,879.6,-3.5
278.3,65.7,879.5,-3.6
282.6,65.3,879.4,-3.7
284.9,63.9,879.2,-3.7
269.4,64,879.3,-3.8
255.6,63.9,879.8,-3.9
257,62.3,880.8,-3.7
274.6,60.9,883.1,-3.6
262.5,58.8,886.2,-3.2
263.6,55.2,889.9,-2.5
258.1,52.9,893.1,-1.8
272.6,52.8,896.2,-2
287.9,51.7,898.8,-1.9
295.1,51.2,900.8,-1.5
294,50.1,902.6,-1.3
287.7,48.9,904.8,-0.8
284.5,45.5,907.5,-0.5
286.9,43.1,911.2,-0.1
301.4,42,918.8,0.2
299.3,39.5,934.5,0.2
299.5,37.9,934,0.7
293.1,36.8,932.2,0.7
286.9,35.4,932.9,1.3
279.9,34.6,918.8,1.1
289.9,34.8,919.1,1.3
287.2,35.3,919.3,1
289.1,35.4,918.7,0.7
290.1,35.4,918.5,1
290.8,35.4,918,1.1
293.7,35.7,919.6,1.4
288.8,35.8,919.6,1.4
284,35.5,918.8,1.1
286.5,34.8,918.5,1.6
288.3,34.4,921.1,1.9
287.4,34.4,918.7,1.8
277,34.4,919.3,2.1
286,34.3,918.6,1.5
290.9,34.5,919.1,1.9
306.9,35.4,907,1.6
301.6,35.6,900.1,1.4
302.1,35.7,896.1,1.2
300.9,36.9,893.1,0.8
301.8,37.5,891.4,0.4
300.8,37.3,890.6,0.4
294.8,36.7,890.3,0.5
292.5,37.3,890,0.1
299.6,37.3,889.7,0
300,37.3,889.4,-0.1
309.8,36.7,889.1,0.1
309.1,36.7,888.9,0.1
313.5,36.4,888.7,0.3
77.6,51.6,888.5,-2.2
88.3,74.3,888.2,-3.4
78.3,79.5,887.8,-3.8
81.2,84.9,887.6,-4.1
87.1,87.7,887.2,-4.5
88.1,89,887,-4.7
99.6,89.4,886.7,-4.7
102.1,90.2,886.5,-5
98.1,91.7,886.3,-5.1
103.7,92.7,886.1,-5.2
100.7,93.9,885.9,-5.2
108.1,94.9,885.7,-5.4
103.3,95.4,885.6,-5.3
113.4,95.6,885.4,-5.3
111.8,95.7,885.3,-5.4
106,96.4,885,-5.5
113.9,96.9,884.9,-5.6
123.6,97.3,884.8,-5.7
129.1,98.2,884.6,-5.8
138.2,99.3,884.5,-6.1
130.1,99.3,884.5,-6
118.2,99.3,884.3,-6
120.8,99.4,884.2,-6
132,99.4,884,-6
141.2,99.3,884,-6
132.6,99.3,883.9,-6.1
134.1,99.3,883.7,-5.9
134.8,99,883.6,-5.8
126.6,99,883.5,-5.8
324.5,98.7,883.5,-5.9
319.5,99.3,883.3,-6
297.9,99,883.2,-5.7
292.5,99.2,883.1,-6.1
287,98.8,882.9,-5.8
293.8,95.3,882.8,-5.8
313.6,93.2,882.8,-5.8
307.4,87.2,882.7,-5.9
308.1,79.3,882.5,-5.8
306.9,71.7,882.4,-6
299.3,63.6,882.4,-6
293.7,55.1,882.2,-5.7
297.5,55,882.1,-6.1
298.2,57.7,881.9,-6.5
299.7,56,881.8,-6.7
302.5,53.6,881.6,-6.8
301.9,51.6,881.4,-6.8
299,49.8,881.3,-6.7
301.9,46.4,881.1,-6.3
303,45.5,880.9,-6.4
301,44.1,881.5,-6.4
302.9,43.6,883.2,-6.4
299,43,886.5,-6.5
295.7,42.6,891,-6.4
299.6,41.9,895.9,-6.3
298.3,42,900.3,-6.1
297.3,41.4,904.5,-6
297,41.5,908.5,-5.9
298.1,41,914.7,-5.9
305.5,40.5,935.1,-5.6
294.9,40.3,938.2,-5.5
286.2,39.6,936.1,-5.2
289.7,38.8,936.8,-5.1
284.6,36.6,935.8,-4.7
297,36.2,936.4,-4.8
285.6,36.4,935.1,-4.8
297.3,35.4,936.1,-4.3
284.1,34.8,935.7,-4.8
290.4,33.3,935.8,-4.5
287.4,31.5,935.5,-4.5
292.5,30,937.7,-3.8
292.8,28.8,936.8,-4
288.6,27.8,935.1,-3.8
296.8,26.2,934.9,-3.6
286.1,25,921.9,-3.5
295.4,24.2,928.7,-3.4
295.7,23.1,935.9,-3.2
301.5,23,929.6,-2.8
303.9,23.9,922.4,-2.7
296.1,24.8,924,-2.5
296.5,25.4,922.2,-2.6
302.4,25.9,920.3,-2.6
300.9,26,921.5,-2.7
286.8,27.7,922.2,-2.5
295.3,28.3,921.8,-2.8
293.4,28.9,922.5,-3.1
300.7,29.2,922.4,-3.1
296.9,30,901.4,-3.4
300.1,31,893.3,-3.7
299.9,32.2,890.5,-4.2
298.5,32.3,889.8,-4.2
298.1,32.9,889.3,-4.5
300.9,33.4,889,-4.7
302.8,33.6,888.6,-4.9
305.3,32.8,888.3,-4.9
308.7,31.8,888.1,-5
303.6,31.1,887.8,-5.1
304.3,29.2,887.6,-5
307.7,28.1,887.3,-5
308.3,27.9,887.1,-5
312.3,28,887,-5.2
321.1,27,886.7,-5
326.9,25.8,886.6,-4.9
323,25.2,886.4,-5.3
297.4,24.7,886.2,-5.4
255,28.3,886,-5.9
273.5,28.3,885.8,-5.7
261.1,29.3,885.7,-5.9
272.5,29.5,885.5,-5.7
282.6,30,885.3,-5.8
288.9,29.8,885.1,-5.8
279.2,28.4,885,-5.4
271.6,28.6,884.8,-5.6
260.5,29.4,884.7,-5.9
277.3,28.2,884.6,-5.6
293.2,27.7,884.3,-5.6
290.8,28.2,884.2,-5.7
285.7,29.5,884,-5.9
246.2,32.1,883.9,-6.8
267.2,29.4,883.6,-6.1
282.7,28,883.5,-6
293.5,30.2,883.4,-6.4
272.5,29.8,883.2,-6.5
292.9,30.3,882.9,-6.8
276.5,30.1,882.8,-6.8
283.5,30.3,882.6,-7
283.4,29.3,882.4,-6.9
284.5,28.8,882.3,-6.9
294.5,29,882.1,-7
282.6,28.7,881.8,-6.8
297.9,28.9,881.7,-6.7
301.7,29.3,881.4,-6.9
291.1,29,881.3,-6.8
298.6,27.8,881.1,-6.6
302.3,27.9,880.9,-6.7
305.7,27.8,880.7,-6.6
308,27.6,880.6,-6.5
306,27.5,880.4,-6.3
298,27.5,880.2,-6.4
306.1,27.5,880.2,-6.2
296.8,27.1,880.1,-6.1
289.6,26.9,879.9,-6.1
291.9,27.2,879.8,-6
306,26.6,879.7,-5.6
320.4,25.6,879.6,-4.9
318.5,26,879.7,-5.1
313.9,26,880.6,-4.7
313.2,26.2,882.7,-4.8
324.1,26.5,885.9,-4.4
326.8,25.7,890.9,-4
326.8,25.7,895.8,-3.8
85.1,24.1,899.2,-1.8
83.9,24.5,901.8,-1.9
88.6,24.9,905,-1.5
121.8,28.3,907.1,-2.2
111.5,28,909.2,-2
118.5,26.2,917.5,-2
137.7,24.3,912.1,-1.2
125.8,23.1,933.4,-0.2
143.3,22.7,933,-0.5
104.6,23,932.2,-0.4
111.2,24.1,932.7,-0.3
130.1,26.3,926.9,-0.4
104.9,28,914.1,-0.7
96,26.9,932.5,0
108.1,26.9,931.2,0
104.6,25.7,932.1,0.2
116.5,27.3,930.6,0.3
85.4,26,932.6,0.8
105.3,26.2,933,0.5
105.4,26.6,933.2,0.4
99.7,26.4,929.4,0
103,26.2,907.8,0.1
103.1,26.2,934.1,0.5
91.8,26.8,934.4,0.3
99.8,27,934.1,0.1
90.8,26.7,933.2,0.3
91.5,26.7,933.1,0.4
92.4,26.8,933.9,0.1
95.9,27.1,933.9,0
99.5,27.3,896.2,-0.3
97.1,27.4,894,-0.7
98.6,27.4,892.6,-1
92.9,27.9,891.7,-1.4
100.3,28.4,890.7,-1.7
100.2,29.5,889.9,-1.9
101.1,30.5,889.6,-2.3
94.7,30.2,889.2,-2.6
94.3,30.7,888.9,-3
97.5,31.5,888.6,-3.3
98.2,31.5,888.3,-3.4
99,31.6,888.1,-3.6
100.4,31.7,887.8,-3.8
96,33.2,887.6,-4.1
98.9,35.5,887.4,-4.4
97.5,37.7,887.1,-4.7
86.6,39.1,886.9,-4.8
87.1,39.6,886.7,-4.8
89,40.2,886.6,-4.8
89.6,40.6,886.4,-4.9
98.7,39.9,886.2,-4.9
93.9,39.6,886.1,-4.9
92.7,39.9,886,-4.8
91.6,41.3,885.8,-4.9
96.7,41.7,885.7,-4.8
104.2,41.8,885.6,-4.8
104.5,42.9,885.4,-4.9
93.1,43.3,885.3,-4.8
100,44.3,885.2,-4.9
103.8,44.8,885,-4.8
91.8,45.3,884.9,-4.9
91.3,44.8,884.9,-4.9
88.6,44.8,884.7,-4.9
91.6,44.8,884.6,-4.9
96.1,45.2,884.5,-5
100.5,45.4,884.4,-5
98.2,46,884.2,-5
103.4,46.2,884.1,-5
101.9,46.9,883.9,-5
99.2,47.4,883.9,-5
111.3,48.1,883.7,-5.1
123.6,48.7,883.5,-5.1
134.4,49.3,883.4,-5.2
125.6,49.5,883.3,-5.2
124.2,50.3,883.1,-5.4
117.9,51.5,882.9,-5.7
157,52.2,882.7,-5.7
122.8,51.9,882.5,-5.6
109.8,52.2,882.3,-5.6
119.6,53.4,882.1,-5.8
120.9,53.7,881.9,-5.7
112.7,54.8,881.7,-5.7
122.3,55.6,881.5,-5.6
96.3,55.8,881.2,-5.5
145.9,55.9,881,-5.5
261.8,56.1,880.8,-5.6
261.8,56,880.7,-5.5
141.4,56.3,880.5,-5.4
141.2,56.8,880.3,-5.4
141.9,56.3,880.1,-5.4
136.1,57,880.1,-5.4
143.6,57.8,879.9,-5.5
140.9,57.4,879.8,-5.5
154.7,56.9,879.8,-5.4
164.6,57.1,879.8,-5.4
176,57.7,879.8,-5.4
150.9,58.7,880.1,-5.4
143.8,58.8,880.3,-5.3
128.3,58.8,880.7,-5.2
132.8,58.3,881,-4.9
122.1,59.3,881.9,-5
112.4,60.6,882.1,-5.1
83.2,61.5,883.7,-4.9
117.2,62.6,885.5,-4.7
358.7,61.3,887.2,-4.4
217.4,60.9,888.6,-4.2
154.8,61.1,889.9,-4
133.3,62.9,891.9,-4.3
123.1,64.3,894.4,-4.2
134.3,63.7,896.6,-4.1
153.2,63,899.9,-3.7
114.9,62.5,900.6,-3.6
111.3,62.6,898.9,-3.5
96.1,60.4,899.8,-3
124.6,60.7,900.3,-3.1
161.2,58.8,897.9,-2.4
291.2,59.1,896.6,-2.4
249.1,56.9,899,-1.6
209,58.1,897.6,-1.6
253,58,897.8,-1.5
258,59.9,893.5,-2.2
306.4,62.1,895,-2.6
327.2,62,892.2,-2.6
282.3,61.8,890.9,-2.4
352.5,61.9,890.3,-2.3
307.3,62.2,889.9,-2.5
311.5,61.3,888.9,-2.3
313.3,61.9,888.1,-2.6
293.4,62.1,887.4,-2.6
304.4,62.4,886.6,-2.7
309.1,62.8,885.8,-2.8
309.1,63.3,885.1,-3
309.1,63.5,884.5,-3
307,63.8,883.8,-3.1
291.6,63.9,883.2,-3.1
292.1,64.2,882.6,-3.2
296.1,64.8,882.1,-3.3
292.6,64.6,881.7,-3.2
289.2,64.9,881.3,-3.3
294.1,65.7,881,-3.4
296.5,66.8,880.7,-3.7
295.9,67.4,880.4,-3.7
303.7,68.8,880.2,-3.9
302.1,69.8,880,-4
304.6,70.1,879.9,-3.9
301.1,71.4,879.8,-4
304.2,73.7,879.7,-3.9
285.6,74.2,879.6,-4.3
284.4,75.9,879.5,-4.2
288.8,77.1,879.5,-4.4
292.3,79.7,879.4,-4.9
288.1,79.4,879.2,-4.4
297.5,80.4,879.1,-4.5
288.3,80.2,879.1,-4.3
276.3,80.7,879,-4.5
272.2,82.1,879,-4.6
276.7,81.9,879,-4.5
283.9,81.9,878.9,-4.2
280.2,81.8,878.9,-4.2
292.9,82.4,878.8,-4.4
301.5,82.8,878.7,-4.4
306,83.3,878.7,-4.3
297.4,83.7,878.7,-4.3
299.2,84.2,878.6,-4.4
291.3,84.4,878.6,-4.4
291.3,84.8,878.5,-4.5
278.6,84.6,878.4,-4.3
271.1,85.4,878.4,-4.4
250.4,87.1,878.3,-4.2
232.1,87.9,878.3,-4.2
177.4,88.5,878.3,-4.3
159.6,86.5,878.1,-4.1
124.4,87.1,878.2,-4.4
139.8,86.4,878,-4.3
123.9,85.5,878,-4.2
108.6,83.3,878,-4
306,82.7,877.9,-4.3
341.3,82.2,877.9,-4.1
345,83.9,877.8,-4.3
338.1,87,877.8,-4.6
337.6,87.9,877.6,-4.4
341.1,89.8,877.7,-4.3
333.6,90,877.6,-4.8
331.7,87.4,877.5,-4.4
325.9,86.9,877.5,-4.3
328.8,85.3,877.4,-4.5
327.4,85.7,877.4,-4.1
348.3,86.1,877.3,-4.3
351.9,86.2,877.8,-3.8
74.2,86.1,878.5,-4
78.5,86.7,879.4,-4.2
107.9,87.9,880.8,-4.7
96.4,89.8,881.2,-4.7
105.9,88.6,884,-4.7
108,88.2,889,-4.6
105.6,88.4,891.8,-4.6
103.3,87.3,895.6,-4.2
106.9,86.3,896.8,-4.1
108.3,84.9,896.8,-3.7
110.1,81.8,896.2,-3.2
117.4,77.8,900.9,-2.5
106.1,77.7,899,-2.8
99.7,74.6,905.2,-2.1
99.5,73.5,900.1,-2.1
97.5,72.3,908.4,-1.8
111,71.2,902.6,-1.7
102.7,70.2,903.6,-1.6
104.7,69.2,918.4,-1.4
89.4,67.2,919.1,-1
87,66.6,926.3,-1.1
92.4,64.9,935.3,-0.5
100.3,63.8,926.4,-0.3
105.6,62.4,920.1,-0.1
99,62.2,920.4,0
94.4,62.6,920.2,0
91.8,61.6,910.7,0.2
98.2,61.1,906.8,0.1
85.8,61,901.2,0.1
83.9,60.4,896.5,-0.1
91.8,61.4,895.3,-0.3
106.3,60.8,894.1,-0.5
105.5,60.6,893.9,-0.8
95.3,60.5,894.7,-1
97.9,61.1,893.4,-1.2
90.8,61.4,892.4,-1.3
93.1,62.4,890.8,-1.7
90.3,61.6,890.1,-1.9
89.3,62.7,889.6,-2.1
97.3,63.6,889.3,-2.3
88.8,65.3,889,-2.6
92.9,67.5,888.7,-2.9
93,69.6,888.4,-3.1
95.3,72.4,888.2,-3.5
89.6,74.1,887.9,-3.6
91.3,75.9,887.7,-3.8
90.5,77.5,887.4,-4.1
87.7,78.7,887.2,-4.3
90.8,78.7,887,-4.3
92.7,78.8,886.7,-4.2
92.7,79.7,886.6,-4.5
89.8,80.3,886.4,-4.7
88.6,80.6,886.2,-4.7
85.9,80.5,886,-4.8
81.4,80.2,885.8,-4.9
77,81,885.6,-5
75,81.4,885.5,-5
76.5,80.8,885.3,-4.8
78.4,80.3,885.2,-4.7
71.7,80.9,885,-4.9
74.3,80.3,884.9,-4.7
78.3,80.4,884.8,-4.7
65,80.5,884.6,-4.7
64.1,80,884.5,-4.5
72.2,79.1,884.4,-4.4
73.7,79.3,884.3,-4.5
78.3,80.1,884.2,-4.6
55.5,80.2,884,-4.6
78,79.5,883.9,-4.6
54.7,80,883.8,-4.6
59.7,79.8,883.6,-4.5
56.9,79.6,883.5,-4.4
57.1,79.5,883.4,-4.3
54.1,79.7,883.4,-4.3
67.7,81.4,883.2,-4.3
81.6,83.2,883.1,-4.6
47.9,84.5,882.9,-4.6
55.7,84.8,882.8,-4.6
55.2,85.1,882.7,-4.6
55.2,85.4,882.5,-4.7
55.2,85.5,882.4,-4.6
55.2,86.6,882.3,-4.7
3.4,90.3,882.1,-4.9
3.3,92.8,882,-5
2.8,96,881.8,-5.3
2.5,98.5,881.6,-5.4
306.5,99.4,881.5,-5.6
297,99.4,881.2,-5.6
294.4,99.4,881.1,-5.6
294.1,99.4,880.9,-5.5
297.3,99.4,880.6,-5.6
286.3,99.4,880.4,-5.4
296.1,99.4,880.3,-5.4
285.2,99.4,880.1,-5.3
303.7,99.4,879.8,-5.8
301.8,99.4,879.5,-6
291.3,97.5,879.3,-6.2
296.8,91.8,879.2,-6.1
305.4,83.8,879.1,-5.8
323.3,72.6,879.1,-5.6
310.3,61.3,879.3,-5.6
303.7,62.9,879.1,-5.5
306.3,58.2,879,-5.8
306.8,53.3,879,-6
305.6,52.5,878.9,-6.1
294.9,51.9,879,-6.3
296.4,51.2,879,-6.6
298.3,48.4,878.9,-6.4
300.6,47.1,878.7,-6.4
300.3,44.3,878.5,-6.4
300.3,40.4,878.8,-6.5
304.1,38.8,878.8,-6.5
302.7,38.1,878.8,-6.6
298.7,38.4,878.5,-6.4
308.8,33.5,879.1,-6.6
302.7,32.6,879.1,-6.7
298.7,32.2,879.1,-6.9
295.6,32.5,878.9,-7.1
299.3,32.9,878.4,-7.5
302,32.1,878.7,-7.7
304.1,30.9,878.8,-7.9
303.5,30.3,879.1,-7.8
296.6,29.4,878.7,-7.8
298.1,28.2,878.7,-8
299.8,27.9,878.9,-7.9
294.7,27.4,879.8,-7.8
294,26.8,881.4,-7.7
298.1,26,883.7,-7.6
296.9,25.5,884.1,-7.7
308,25.4,881.5,-7.7
301.9,25.6,878.5,-7.8
303.3,25.7,877,-8
304.1,26.2,876.6,-8.1
298.9,26.2,876.3,-8.1
295.8,27.1,876.1,-8.2
293,27,876.1,-8.3
298.3,27.3,876,-8.3
296.8,28.2,876,-8.4
300.3,28.6,875.8,-8.5
299.6,28.4,875.8,-8.8
299.5,28.5,875.7,-8.9
305,29.2,875.6,-9.1
300.4,29.7,875.5,-9.3
301.1,30.2,875.4,-9.4
308.3,30.7,875.3,-9.7
306.9,31.3,875.3,-9.8
302.3,30.9,875.1,-9.7
307.4,31.1,875,-9.8
313.8,31.8,874.9,-10
306.9,32.4,874.7,-10.2
310.8,32.2,874.7,-10.1
279.7,33.5,874.6,-10.5
257.3,35.4,874.5,-10.9
264.9,35.2,874.3,-10.8
248.3,34.9,874.2,-10.8
278.6,34.7,874.3,-10.5
279.2,35.3,874.1,-10.7
269.6,35,874.1,-10.7
276.1,34.9,874,-10.6
287.2,34.5,874,-10.5
311.7,33.4,874,-10.3
307.7,33.9,873.9,-10.5
297.4,34.6,873.8,-10.6
297.9,35.5,873.8,-10.9
294.9,35.2,873.7,-10.8
266.8,37.2,873.7,-11.3
263.7,38.9,873.6,-11.6
284.9,40.4,873.5,-11.8
300.5,39.9,873.4,-11.8
305.8,39.9,873.3,-11.8
307.7,40.2,873.3,-11.7
305.6,40.5,873.3,-11.9
298.5,40.2,873.1,-11.9
299,40.4,873.1,-11.8
306.1,40.1,873,-11.9
300.2,39.5,872.9,-12
305.5,40.5,872.9,-12.2
304,40.7,872.8,-12.1
296.5,41.9,872.7,-12.1
300.3,43.5,872.7,-12.3
308.5,44.5,872.6,-12.5
308.5,45.3,872.5,-12.5
305.5,44.6,872.4,-12.4
303.7,44.1,872.4,-12.4
299.5,44.2,872.3,-12.4
296.7,44.8,872.3,-12.5
301.4,45.5,872.2,-12.7
298,46.5,872.2,-13
307.2,46.6,872,-13
295,48,871.9,-13.2
299.3,47.5,871.9,-13
296.9,46.8,872.7,-12.7
302.9,45.8,874.8,-12.6
302,45.2,878.6,-12.4
297.5,44.1,884.2,-12.2
297,43.3,890.6,-12
296.9,41.7,894.6,-11.9
303.7,41.3,898.6,-11.6
293.9,39.9,901.5,-11.3
298.6,39.3,903.7,-11.4
299.9,39.3,904.3,-11.2
294.1,39.8,908.1,-11.1
294.7,39.6,911.7,-10.7
298.8,39.1,919.4,-10
300.7,37.7,929.3,-9.8
294.4,36.4,934.8,-9.7
295.1,33.1,940.9,-9.6
298.7,34.5,940.3,-9.6
293.3,31.6,940.8,-9.4
305,31.9,941.5,-9.3
298.1,31.4,940,-9
290,31.4,937.4,-8.8
297.4,33.3,938.8,-9.1
294.2,36.5,940,-9
296.7,38.9,934.6,-9.6
298.2,40.3,895.3,-9.6
300.7,42,893.7,-9.7
294.7,41.3,895.1,-9.4
294.5,39.8,909,-9.3
298.7,39,902,-9.3
299,37.4,893.2,-9.1
295.1,30.2,940.8,-8.6
293.9,28.5,906.3,-8.5
299.2,26.1,920.5,-8.4
296.4,25.6,906,-8.1
296.2,24.8,939.9,-8
297.3,23.8,940.5,-8.1
298.9,24.2,906.1,-8.1
300.7,23.7,896.3,-8.3
304.1,23.7,891.2,-8.6
296.9,23.6,889,-8.8
307.4,22.6,888.3,-8.8
305,22.3,887.9,-9
309.5,22.4,887.6,-9.3
304.7,22.6,887.2,-9.5
300.3,23.2,886.9,-9.7
304.9,23.2,886.6,-9.8
303.2,23.9,886.4,-10
298.5,24.4,886.1,-10.2
302.3,24.2,885.8,-10.2
309.4,24,885.6,-10.3
308.1,24.1,885.4,-10.5
306.7,23.9,885.2,-10.6
297,23.5,885,-10.6
301.5,23.7,884.7,-10.8
296.9,22.9,884.6,-11
299.2,22.2,884.4,-11.1
305,22.2,884.2,-11.2
307.1,22.2,884,-11.4
303.7,22.3,883.7,-11.6
303.7,22,883.6,-11.7
301.3,23,883.5,-12
306.5,23.1,883.3,-12.2
298.1,24.6,883.1,-12.5
299.4,25.1,882.9,-12.7
299.2,26.3,882.6,-13
299.6,26.9,882.4,-13.2
295,28.2,882.1,-13.4
301.9,28.9,881.9,-13.6
300.4,29.5,881.6,-13.7
301.5,29.5,881.5,-13.9
303.2,29.3,881.2,-14
300.6,30,881.1,-14.2
301.3,29.9,880.8,-14.3
304.2,28.8,880.6,-14.4
302.9,29,880.4,-14.4
300.2,29.2,880.3,-14.6
305.1,28.9,880.1,-14.7
300.7,28.5,879.9,-14.7
301.5,28,879.7,-14.8
307.5,27.5,879.5,-14.9
296,28.2,879.3,-15
304.4,28.2,879.3,-15.1
298.9,28.5,879,-15.2
293.8,29.2,878.9,-15.3
303.8,29.7,878.8,-15.4
297.1,30.3,878.6,-15.5
292.7,30.6,878.5,-15.6
303.5,30.7,878.3,-15.6
296.5,30.6,878.2,-15.6
299.5,31.3,878,-15.7
300.2,31.7,877.9,-15.8
298.1,32.2,877.8,-15.8
299.7,32,877.7,-15.8
294.8,32.6,877.6,-15.9
292.2,33.1,877.2,-16
293.5,34.8,877.6,-16
294.9,35.2,879,-15.9
297.6,35.3,881.9,-15.9
297.2,36.7,886.6,-15.9
295.4,35.9,892,-15.8
289.2,36.7,897.3,-15.6
288.9,37.3,901.5,-15.5
293.6,37.5,912,-15.4
295.8,37,944.9,-15.1
293.3,35.5,945.5,-14.9
297.8,35.2,944.9,-14.7
295.6,34,944.2,-14.4
294.9,35.4,943,-14.1
295.2,35.7,942.1,-13.8
294.4,34.1,943.3,-13.5
295.9,33.8,943.8,-13.3
297.5,33.6,942.8,-13
296.5,33.8,943.7,-12.7
293.6,30.7,939.9,-12.5
303.6,29.5,941.9,-11.9
291.7,31.3,942.6,-12.2
291.2,31.5,939.2,-11.8
288.4,31.2,941.8,-11.6
295.4,31.1,940.5,-11.7
287.4,30.7,940.9,-11.2
293,30.2,938.8,-11.1
294.1,29.4,942.7,-10.5
298.1,29.6,939.9,-10.5
295.4,29.8,939.2,-10.5
298.8,28.6,941.6,-10.1
299.8,28.1,941.8,-9.9
297.5,28.5,941.3,-9.9
295.6,28.3,941.4,-9.4
297.9,28.3,940.6,-9.7
296.2,28.4,942,-9.4
295.9,28.1,940.2,-9.5
290.1,28.5,940.8,-9.4
296.7,29.3,940.3,-9.5
291.7,30,922.1,-9.7
291.8,30.3,897.1,-9.9
293.9,30.8,890.5,-10.2
289.9,31.2,888.8,-10.3
294.1,31.1,888.3,-10.3
294,30.6,887.9,-10.2
295.4,30.7,887.5,-10.3
293.1,30.5,887.1,-10.3
290.6,30.8,886.8,-10.3
295.4,32.3,886.6,-10.6
294.8,32.4,886.3,-10.6
296.9,32.6,886.1,-10.6
302.1,32,885.9,-10.4
298.4,32.1,885.7,-10.4
293,32.3,885.5,-10.4
293,33.4,885.3,-10.6
294.8,33.1,885.2,-10.4
295.7,33.2,885,-10.4
296.1,33.9,884.8,-10.5
296,34.7,884.6,-10.7
298.6,34.8,884.5,-10.7
294,34.9,884.3,-10.7
293.2,35.2,884.2,-10.7
289.7,35,884.1,-10.6
291.7,35,883.9,-10.6
292.9,34.8,883.7,-10.6
295.4,34.6,883.5,-10.5
291.7,34.6,883.5,-10.5
294.9,34.4,883.3,-10.4
293.2,34.9,883.2,-10.5
291.3,34.9,883,-10.5
291.5,35,882.9,-10.6
290.6,35.1,882.6,-10.7
294.4,35.2,882.6,-10.7
296,35.5,882.3,-10.7
293.1,35.5,882.3,-10.7
294.2,35.6,882.1,-10.7
295.2,36.1,882,-10.8
290.5,35.6,881.9,-10.6
299.4,36.2,881.7,-10.7
295.4,36.6,881.6,-10.7
292.3,37.1,881.5,-10.8
290.9,38.6,881.3,-11.2
290.6,38.7,881.2,-11.1
292.5,38.6,881,-11.1
290.7,37.8,880.9,-10.9
291.6,37.4,880.7,-10.9
287.6,37,880.6,-10.8
291.1,37,880.5,-10.8
290.9,37.8,880.3,-10.9
289.3,37.4,880.1,-10.9
289.9,37.9,880,-11
292.6,38.1,879.8,-11
287.5,37.2,879.8,-10.8
289.4,37.1,879.5,-10.8
289.9,37.5,879.5,-11
295.5,38.4,879.3,-11.1
290.9,38.6,879.1,-11.1
294.5,37.9,879.4,-10.8
294.5,39.2,880.8,-11
290,40.5,883.3,-11.2
293.6,41.3,887,-11.3
292,39.2,891.4,-10.7
292.7,39.8,895.6,-10.8
288.3,38.5,898.6,-10.5
298.4,36.1,904,-9.9
298.1,35.5,913.9,-9.7
291.7,34.7,941.7,-9.4
293.1,33.9,941.5,-9
287.1,32.8,940.4,-8.6
292.6,32.5,939.7,-8.7
282.9,31.6,939.8,-8.3
284.6,31.5,938.5,-8.1
288.1,31.4,938,-7.8
296.1,31.1,938.1,-7.4
290,30.3,938.4,-6.7
284.3,29.6,938.4,-6.9
287.6,28.6,939.1,-6.4
292.1,28.3,936.1,-6.2
288.4,27.8,936.6,-6.1
289.2,26.8,935.9,-5.7
289,25.9,935.6,-5.1
285.1,26.7,934.6,-5.4
282,27.4,936.8,-5.5
288.6,27.2,936.8,-5
289.9,26.1,935.8,-4.5
295.2,25.6,936.3,-4.7
295,26,936.5,-4.8
296.1,26.2,935.5,-4.3
284.2,26.4,936.6,-4.7
296.6,26.4,936.4,-4.3
296.7,26.7,935.7,-4.1
287.9,27.2,937.3,-4.5
285.1,27.1,935.6,-4.1
292.2,26.3,937.3,-4.3
295,26.8,937.1,-4.8
294.8,27.1,915.5,-4.9
298.7,27.6,896.9,-5.2
291.5,28.1,891.7,-5.5
299.9,28.7,890.1,-5.9
300.3,29.2,889.6,-6
297.9,29.5,889.1,-6
301,29.2,888.7,-6.1
297.7,28.7,888.4,-6.1
303.4,28.7,888.1,-6.3
303.1,28.4,887.8,-6.3
299,29,887.6,-6.7
302.1,28.3,887.3,-6.6
299.8,28.5,887.1,-6.6
299.7,28.6,886.9,-6.7
299.9,28.2,886.8,-6.6
300.5,28.3,886.5,-6.8
299.1,28.5,886.3,-6.9
300.2,28.5,886.2,-6.9
297,29.1,886,-7.1
298.2,30.5,885.7,-7.4
298.6,30.5,885.6,-7.2
295.5,31.2,885.4,-7.1
298,32.4,885.3,-7.2
294.2,32.5,885.1,-6.9
294.3,33.8,885,-6.8
301,32.5,884.9,-6.6
296.9,32.8,884.7,-6.7
300.8,32.8,884.6,-7
301.8,33.8,884.5,-7.3
299,33.8,884.3,-7
296.9,34.9,884.2,-7.3
292.9,34.9,884,-7.1
297.4,35.1,883.9,-7
294,36.3,883.8,-7.4
294.9,35.9,883.7,-7.1
294.7,36.2,883.5,-7.1
294.8,37.2,883.5,-7.3
293.8,37.7,883.2,-7.3
298.2,37.5,883.1,-7.4
296.1,38.3,882.9,-7.6
296.2,38.7,882.8,-7.7
296.9,38.8,882.7,-7.8
296.5,38,882.5,-7.5
298.7,38.1,882.4,-7.6
296.7,37.9,882.3,-7.5
293.5,38.7,882.1,-7.8
293.1,38.2,882,-7.5
295.2,38.7,881.9,-7.7
289.3,39.5,881.7,-8
285.9,40.6,881.6,-8.2
292.6,41,881.4,-8.1
295.7,40.6,881.3,-8
293.4,39.8,881.2,-7.7
298.4,40.5,881,-8
293.8,41.8,880.9,-8.2
288,43.6,880.8,-8.8
293.8,42.9,880.6,-8.3
287.8,43.2,880.3,-8.4
290.7,44.3,880.4,-8.8
292.2,43.8,881.3,-8.4
293.8,43.4,883.2,-8.3
295.6,42,886.2,-8
290,43.1,890.3,-8.2
290.5,41.2,894.3,-7.3
294.4,38.9,897.5,-6.6
286.7,36.8,900.9,-6
283.4,36.4,905.7,-5.5
288.4,33.8,913,-5.2
297.5,32.9,936.5,-4.8
292.5,32.2,937.9,-4.5
293,31.4,936.3,-4.1
294,30.6,937,-3.9
296.6,27.6,936.4,-3.2
286.9,27.2,935.7,-3.1
280.1,26.6,933.8,-2.9
286.9,26.9,935.3,-2.8
277.3,26.3,934.5,-2.7
295.3,25.3,934.8,-2.2
298.3,25.9,933.4,-2.2
281.8,25.4,934.3,-1.4
290.1,24.2,932.2,-1.3
276.5,24.1,934.1,-1
291.9,23.9,932.6,-1.2
294.8,23.1,935,-0.8
277.3,22.7,929.3,-0.6
296.3,22.4,921.7,0.1
294.1,22.3,919,-0.1
282.5,22.1,919.2,0.4
282.5,22.4,918.8,0.4
270.3,22.2,918.7,1.1
270.1,22.2,918.2,1.1
283,22.3,918.7,0.7
273.8,22.1,919.7,0.8
280.6,22.1,919.4,0.4
280.6,22.1,919.7,0.5
291.1,22.1,934.4,0.4
297.5,22.3,902.2,0.1
289.6,23.1,894.3,-0.4
285.1,23.5,892.4,-0.6
284,24.3,891,-1
280.5,24.4,890.5,-0.9
281.3,24.5,890.1,-0.8
296.4,25,889.7,-1
302.1,24.6,889.3,-0.8
337.2,21,889,-0.4
341.2,17.5,888.8,-0.1
345.5,17.2,888.6,-0.1
345.8,16.7,888.5,0.2
3.3,15.8,888.2,0.3
359.9,15.9,888.1,0.1
67.9,16.8,887.9,0.1
63.9,17.2,887.7,-0.1
84.7,18,887.7,-0.3
83.9,24.7,887.4,-2.6
89.1,24.4,887.3,-2
84.7,25.3,887,-2.2
81.1,25.3,886.9,-2.3
86,25.9,886.7,-2.3
76.2,26.7,886.6,-2.6
75.8,27,886.3,-2.6
77.7,27.2,886.2,-2.6
77,27,886,-2.6
76.6,27.4,885.9,-2.7
73.3,27.5,885.8,-3
78.7,29.5,885.6,-2.9
70.4,30.1,885.5,-2.9
74.8,30.8,885.3,-2.8
72.9,29.5,885.2,-3
67.2,29.3,885,-3.1
70.4,29.5,884.9,-3
75.9,29.3,884.8,-3
81.9,29.5,884.6,-3.1
85.3,30.3,884.5,-3.3
93.1,30.7,884.4,-3.5
93.7,30.8,884.3,-3.6
92.3,31.3,884.1,-3.8
96.9,31.4,883.9,-3.8
98.2,31.5,883.8,-3.9
99.8,31.6,883.6,-4
101,33,883.4,-4.6
103.2,33.4,883.3,-4.7
100.6,32.7,883.2,-4.9
99.1,32.5,883,-5
104.4,32.5,882.8,-5
98.7,32.3,882.7,-5.1
100.2,31.6,882.6,-4.9
97.5,31.8,882.4,-5
89.3,32.8,882.3,-5.3
82.9,32.7,882.1,-5.2
84.9,33,882,-5.3
91.2,33.2,881.8,-5.3
99,32.8,881.8,-5.5
107.3,33.5,881.6,-5.7
113.4,33.4,881.4,-5.6
107.6,33.9,881.4,-5.7
108.1,33.8,881.6,-5.7
103.3,34,882.4,-5.6
100.1,33.8,884.1,-5.5
98.8,33.3,886.5,-5.2
101.1,32.7,889.9,-5
100,32.2,893.4,-4.8
97.9,31.7,896.6,-4.6
99.3,31.4,900.3,-4.3
88.3,30.6,903.5,-4.1
103.2,30.6,906.6,-3.9
96.7,30.4,911.8,-3.1
87.3,29.9,916.6,-2.8
89.3,32.2,921.4,-2.9
99.9,32.6,935.7,-2.3
93.3,31.2,921.3,-2
91.9,30.1,906,-1.8
114.9,30.2,927.7,-1.4
113.7,31.1,908,-1.1
101.4,31.6,900.6,-1.3
111.9,31.5,901.7,-0.9
110.7,31.1,898.2,-0.9
113.1,31.4,897.4,-0.9
108.6,31.3,900.6,-0.4
98.5,31.8,903.9,-0.3
117.4,32.4,898,-0.4
103.9,32.4,898.3,-0.1
104.8,32.6,899.5,-0.2
115.7,32.5,903.9,-0.1
101,33,898.4,0
106.9,33.2,919.4,0.2
105.3,33.1,916.1,0.3
99.8,32.7,910.3,0.2
109.6,33.5,901.1,0.1
105.9,34.2,892.7,-0.2
96.5,35.7,891.3,0
100.3,36.9,890.5,-0.2
104.5,38,889.9,-0.3
104.4,38.5,889.4,-0.4
103.6,38.9,888.9,-0.6
100.5,39.3,888.7,-0.7
100.6,39.4,888.5,-0.9
99.3,40.4,888.2,-1
96.4,41.4,888,-1.1
97.6,42.3,887.8,-1.1
80.7,43,887.6,-1.3
99.4,43.2,887.4,-1.2
100,43.7,887.1,-1.3
101.2,43.9,887,-1.2
99.5,44,886.7,-1.2
94.3,43.8,886.6,-1.2
95.8,44.4,886.4,-1.4
82.5,44.3,886.2,-1.5
80.7,42.8,886,-1.3
69.4,42.6,885.8,-1.2
73.5,42.2,885.5,-1.1
81.9,42.7,885.4,-1.2
76,42.7,885.2,-1.2
80.9,42.6,884.9,-1.2
80.7,42.8,884.8,-1.2
88.6,43.1,884.5,-1.2
97.2,43.4,884.4,-1.2
93.6,43.7,884.1,-1.3
83.7,44,883.9,-1.2
76.8,44.6,883.7,-1.2
70.5,44.7,883.5,-1.1
97.1,45.7,883.3,-1
91.5,45.4,883.2,-1
78,45.4,883,-1.1
74.1,45.5,882.9,-1
80.8,45.8,882.8,-1
83.3,46,882.6,-0.9
68.8,46.5,882.5,-1.1
68.3,46.8,882.5,-1.1
68.4,47.9,882.3,-1.1
68.4,48.8,882.2,-1
68.5,48.4,882.2,-0.9
68.2,49.2,882.2,-1
68.2,49.6,882.1,-1.1
68.4,49.2,881.9,-0.9
72.9,49.2,881.8,-1.2
74.5,50.2,881.7,-1.1
74.4,51.7,881.7,-2.1
74.4,54.9,881.5,-2.9
74.4,51.6,881.4,-2
73.9,52,881.2,-1.8
328.8,50.1,881.2,-1.6
327,49.6,881.1,-1.9
333,49.4,881.1,-1.7
321.8,50.8,881.1,-2.1
329.8,52.2,881,-2.6
323.2,53.1,881,-2.7
315.9,54.4,880.8,-3
314.5,53.6,880.8,-2.6
304.3,54.5,880.7,-2.8
309.2,54.4,880.6,-2.5
285,55.8,880.6,-3
275.6,55.3,880.6,-3.3
261.1,55,881,-3.5
279.5,54.9,881.7,-3.7
298.8,53.9,883.9,-3.5
299.7,49.5,886.4,-2.8
297.4,46.7,889.4,-2.5
270.5,49.5,892.2,-2.5
272.3,48,895.1,-2
277.3,45.8,897.5,-1.4
281.4,44.4,899.9,-0.9
287.9,43.5,902.2,-0.5
306.8,42.6,904.3,-0.3
312.3,41.4,906.8,0.3
298.8,41.2,913.4,0.6
309.2,40.8,933.2,0.8
306.4,40.4,932.6,1.1
292.1,39.5,931.9,1.6
283.1,38.1,930.4,2.5
292.9,38.1,930.6,2.7
295.6,37.9,931,3
314.8,37.3,928.1,3.3
10.2,37,930.2,3.3
303.8,37.2,916.2,3.4
45.2,35.6,916.5,4.6
296.2,35.8,916.5,4.3
133.1,37.3,915.5,4.3
118.7,38.3,916.4,3.9
119,38.9,917.2,4.1
120.2,39.5,917.6,3.8
109.8,40,915.6,3.9
98.4,40,906.7,4.2
116.3,40.4,899.5,4
129.3,40.8,897.4,3.9
109.4,41,895.8,3.8
104.3,42.2,894.2,3.5
101.8,42.9,893.1,3.2
99.3,43.3,892,3
103.1,44.3,891.2,2.7
105.1,45,890.5,2.4
103.8,45.6,889.8,2.1
112.1,46.3,889.6,1.8
110.8,46.9,889.3,1.6
109.3,47.9,889.1,1.3
106,48.4,888.8,0.9
101.5,49.4,888.7,0.5
97.1,49.8,888.5,0.3
96.2,48.3,888.2,0.5
95.8,48.8,888.1,0.1
92.2,48.6,887.8,0
94.2,48.1,887.7,0
89.2,48.2,887.4,-0.1
92.5,48.6,887.3,-0.2
93.5,48.3,887.1,-0.2
94.4,48.4,887,-0.4
97.4,48.5,886.8,-0.5
96.1,48,886.6,-0.5
87.4,47.7,886.5,-0.5
91.3,47.4,886.3,-0.7
98.8,46.3,886.2,-0.7
100,46.1,886,-0.7
99.2,46,885.9,-0.9
94.3,45.7,885.8,-1.1
93.2,45.5,885.6,-1.2
94,45.7,885.5,-1.5
88.3,45.7,885.3,-1.6
77.4,45.8,885.1,-1.7
81.2,45.5,884.9,-1.7
81.1,45.8,884.8,-1.9
79.9,45.7,884.6,-2
79.6,45.4,884.4,-2
90.9,45.6,884.3,-2.1
95.6,46.1,884.1,-2.2
88,46.7,884,-2.3
83.5,47.5,883.8,-2.5
76.4,47,883.6,-2.4
72.8,47.3,883.4,-2.4
75.3,46.9,883.3,-2.4
79.1,47.8,883.2,-2.7
93.3,48,883,-2.9
85.5,48.7,882.7,-3.2
95.6,47.8,882.6,-3
97.1,47.6,882.4,-3
88.6,46.7,882.2,-3
87.3,47,882.1,-3.2
92.4,47.8,881.9,-3.5
92.5,48,881.7,-3.6
87.5,48.1,881.6,-3.8
83.4,47.9,881.4,-3.6
87.3,48,881.2,-3.7
88.8,48.6,881.1,-4
97.5,49.4,881,-4.2
88.9,50,880.8,-4.5
84,50.7,880.7,-4.7
92.9,51.7,880.6,-4.8
96.9,51.3,880.4,-4.7
90.2,51.6,880.3,-4.7
86.5,51.7,880.4,-4.7
85.2,52.8,880.6,-4.9
81.9,51.9,881.2,-4.8
85.7,51.4,882.2,-4.7
83.1,50.8,883.6,-4.6
81.5,51.1,885.5,-4.6
81.3,50.9,888,-4.2
82.5,50.7,891.3,-3.9
84.7,50.4,894.7,-3.3
82.8,49.3,897.2,-2.6
92.6,48.7,899.9,-2.2
92.4,49.9,902,-1.9
88.9,48.6,904.5,-1.5
97.2,49.6,907.5,-1.3
90,49.2,915.1,-0.8
85,48.9,925.2,-0.5
97.2,49.6,935,-0.6
97.5,50.2,934.6,-0.5
96.4,50.3,934,-0.1
93.6,50.5,933.9,-0.1
88.7,47.8,933.5,0.1
95,47.9,934.2,0.3
81.2,46.9,933.1,0.6
72.8,46.2,933.7,0.3
82.5,44.9,932.8,0.9
80.8,44.2,933.4,1
81.3,43.2,933.9,1
75.4,43.4,900.4,0.9
89.6,43.4,897.4,0.9
82.6,43.1,895.6,0.8
102.4,42.6,895.5,0.8
98.1,42.6,893.8,0.8
84.5,42.8,892.5,0.6
86.2,42.8,891.6,0.5
89.2,42.9,891,0.3
93.7,42.9,890.4,0.1
84.2,43.5,889.8,-0.1
91.8,44.7,889.3,-0.4
94.5,45.3,889,-0.6
97.4,46,888.7,-0.9
101.9,46.8,888.5,-1
100.8,47.7,888.2,-1.3
103.1,46.7,888,-1.5
101.4,48,887.7,-1.7
93.9,49.6,887.6,-2
96.7,51.6,887.3,-2.1
93.7,53,887,-2.3
101.5,54.2,886.8,-2.4
102.5,56,886.6,-2.5
103.9,60.4,886.4,-2.7
99.2,66.5,886.1,-3.2
98.4,69.9,885.9,-3.5
105.2,73.8,885.6,-3.9
96.2,76.9,885.4,-4.1
99.1,79.5,885.1,-4.4
90.2,82.3,884.8,-4.6
94.4,84,884.5,-4.8
98.7,86.3,884.4,-4.9
97.1,88.1,884.1,-5.1
101.9,90.3,883.9,-5.3
100.4,91.9,883.5,-5.5
93.2,93.3,883.4,-5.6
102.8,95.4,883,-5.9
101.1,96.8,882.7,-5.9
104.8,98.1,882.4,-6
102.7,99.3,882.2,-6.1
96.1,99.3,881.9,-6.2
98.4,99.3,881.7,-6.3
102.8,99.3,881.4,-6.5
99.7,99.3,881.2,-6.6
94.8,99.3,880.9,-6.6
92.5,99.3,880.7,-6.6
95.8,99.3,880.5,-6.6
93.4,99.3,880.3,-6.5
93.9,99.3,880.2,-6.6
93.2,99.3,880.1,-6.6
100.5,99.3,879.9,-6.6
103.4,99.3,879.9,-6.7
97.5,99.3,879.8,-6.7
99.9,99.3,879.6,-6.7
99.1,99.3,879.6,-6.7
99.6,99.3,879.5,-6.8
97.7,99.3,879.4,-6.8
96,99.3,879.4,-6.9
92.4,99.3,879.2,-6.9
88.5,99.3,879.2,-6.8
93,99.3,879.2,-6.9
93.1,99.3,879.1,-6.8
93.2,99.3,879.1,-6.9
94.5,99.3,879.1,-6.9
95.3,99.3,879.1,-6.8
92.3,99.3,879,-6.9
88,99.3,879,-6.9
93.6,99.3,878.8,-7
88.4,99.3,878.8,-6.9
86.6,99.3,878.8,-6.9
91.7,99.3,878.6,-6.9
96.3,99.3,878.6,-6.9
91.5,99.3,878.5,-6.9
94.4,99.3,878.6,-6.8
93.3,99.3,878.6,-6.9
86.9,99.3,878.4,-7
94.2,99.3,878.4,-7.1
97.4,99.3,878.4,-7.2
98.9,99.3,878.5,-7.2
105.2,99.3,878.6,-7.3
94,99.3,878.5,-7.3
100.7,99.3,878.4,-7.2
94.3,99.3,878.3,-7.2
86.9,99.3,878.2,-7.2
84.2,99.3,878.1,-7.1
84.5,99.3,878.1,-7.2
90.5,99.3,878.1,-7.3
80.4,99.3,878,-7.2
83.5,99.3,878,-7.4
77.3,99.3,877.9,-7.3
79.8,99.3,877.9,-7.4
82.7,99.3,877.7,-7.3
86,99.3,877.6,-7.5
84.2,99.3,877.6,-7.4
82.4,99.3,877.5,-7.5
85.6,99.3,877.5,-7.5
89.3,99.3,877.5,-7.5
100.5,99.3,877.4,-7.5
100.1,99.3,877.3,-7.7
99.5,99.3,877.2,-7.7
97,99.3,877.1,-7.7
96,99.3,877,-7.7
87.8,99.3,877,-7.8
94.9,99.3,876.9,-7.7
100.7,99.3,876.9,-7.7
103.1,99.3,876.8,-7.7
100.3,99.3,876.7,-7.7
96.5,99.3,876.6,-7.6
100,99.3,876.6,-7.6
105,99.3,876.6,-7.7
107.5,99.3,876.5,-7.8
107.8,99.3,876.5,-7.8
103.1,99.3,876.4,-7.8
104.4,99.3,876.4,-7.7
106,99.3,876.2,-7.7
101.9,99.3,876.2,-7.7
95.9,99.3,876.2,-7.6
99.4,99.3,876.1,-7.8
102,99.3,876,-7.7
96.9,99.3,875.9,-7.7
96.4,99.3,875.9,-7.8
92.3,99.3,875.8,-7.8
94.6,99.3,875.8,-7.8
103,99.3,875.8,-7.8
103.4,99.3,875.7,-7.8
107.2,99.3,875.6,-7.8
110.2,99.3,875.5,-7.7
121.1,99.3,875.5,-7.7
118.5,99.3,875.4,-7.7
117.2,99.3,875.4,-7.6
117.1,99.3,875.3,-7.6
116,99.3,875.3,-7.7
115.2,99.3,875.3,-7.6
114.2,99.3,875.2,-7.6
114.2,99.3,875.1,-7.6
112.1,99.3,875,-7.5
99.5,99.3,875,-7.5
101.8,99.3,874.9,-7.5
131.9,99.3,874.9,-7.5
134.9,99.3,874.9,-7.5
135.1,99.3,874.8,-7.4
135.2,99.3,874.7,-7.4
135.2,99.3,874.7,-7.4
135.2,99.3,874.7,-7.4
135.2,99.3,874.6,-7.3
135.2,99.3,874.6,-7.3
135.2,99.3,874.5,-7.2
135.3,99.3,874.5,-7.2
135.3,99.3,874.4,-7.2
135.3,99.3,874.4,-7.3
150.9,99.3,874.3,-7.3
298.1,99.3,874.3,-7.3
302.3,99.3,874.2,-7.2
304.1,99.3,874.2,-7.1
300.4,99.3,874.2,-7.1
301.3,99.3,874.1,-7
298.9,99.3,874,-7
303,99.3,874,-6.9
296.7,99.3,874,-6.8
299.9,99.3,874,-6.6
297.6,99.3,873.9,-6.4
298.2,99.3,873.9,-6.5
299.2,99.3,873.9,-6.6
302.2,99.3,873.9,-6.5
301,99.3,873.8,-6.5
303,99.3,873.7,-6.3
300.9,99.3,873.7,-6.2
294.6,99.3,873.8,-6
292.2,99.3,873.9,-5.9
294.1,99.3,874,-5.8
291.7,99.3,874.2,-5.7
288.5,99.3,874.2,-5.7
296.7,99.3,874.3,-5.7
298.5,99.3,874.6,-5.9
298.1,99.3,875.7,-5.8
293.8,99.3,875.1,-5.9
286.3,99.3,876.1,-5.9
293.9,99.4,878,-5.7
287.6,96.7,877.1,-5.6
287.1,92.4,878.7,-5.2
291,81.1,878.2,-4.9
288,78.9,876.2,-5.1
291.8,78.5,877.1,-5.1
281.6,84.4,879,-5
284.3,91.3,883.8,-5.2
285.3,92,882.6,-5.4
283.4,89.8,885.7,-5
283.1,84.5,883.6,-4.7
292.7,74.7,884.7,-4.3
292.9,62.7,885.6,-4.3
289.8,51.2,886,-4
296.7,45.8,888.1,-3.9
289.5,46.3,887.8,-3.7
297,40.1,889.7,-3.7
300.5,35.2,894.8,-3.3
301.9,33.9,897.2,-3.1
292.7,37.8,891.6,-3.2
292.9,47.2,890.9,-3.3
296,47.8,888,-3.3
291.7,45.5,889.3,-3.3
295.9,47.1,888.1,-3.3
302.7,54.9,885.6,-3.5
287.8,55.2,888.6,-3.4
302.8,56.3,887,-3.6
295.1,58.8,885.1,-3.8
299.9,59.8,882.9,-4.1
288.8,61.1,881.8,-4.2
288,65.7,881.1,-4.6
294.3,69.6,880.3,-4.7
296.8,74,879.7,-5
296.1,74.6,879,-5.2
294.5,72.9,878.3,-5.2
292.6,71.2,877.7,-5.3
297.2,68.4,877.1,-5.2
295.2,64.9,876.6,-5.1
289.4,62.5,876.1,-5.1
288.9,67.7,875.7,-5.5
289,67.5,875.3,-5.6
289.8,66.3,875,-5.6
295.6,66.2,874.8,-5.6
295.5,65.6,874.5,-5.9
303.8,63.4,874.3,-6
296.2,59.9,874.1,-5.9
293.5,58.3,874,-5.8
297.3,57.6,873.8,-5.8
297,57.6,873.7,-5.8
297.9,55.1,873.7,-5.8
298.5,54.8,873.6,-5.8
296.1,58.1,873.5,-6.4
292.4,67.2,873.5,-6.1
294.6,67.8,873.3,-6.3
291.1,69.6,873.3,-6.3
293.7,72.3,873.2,-6.2
292.3,72,873.1,-6.4
296.8,62.4,873.1,-6.3
300.1,54.5,873.1,-6.4
296.3,50.9,873,-6.3
299.4,51.2,872.9,-6.4
298.2,53.3,872.8,-6.5
293.9,53.8,872.7,-6.6
297.7,55.7,872.7,-7.1
298.7,54.5,872.5,-6.9
299.8,50.9,872.5,-7
301.1,49.6,872.4,-6.9
301.7,56.9,872.4,-7
297.8,57.5,872.2,-7.1
293.4,57.5,872.2,-7.5
296.6,58,872.1,-7.7
301.4,55.2,872,-7.5
299.9,59,871.9,-7.7
297.4,60.2,871.8,-7.9
299.3,61.8,871.7,-8.1
296.8,65.8,871.6,-8
294.2,60.2,871.6,-7.9
294.3,60.4,871.4,-8.1
298.3,59.2,871.4,-8.4
296.8,51.9,871.3,-8.1
294.1,57.4,871.3,-7.8
299.1,56.9,871.2,-8
305.6,63.4,871.1,-8.5
302.3,62.7,870.9,-8.7
298.6,58.5,871.2,-8
286.2,57,872.3,-8
288.8,64.4,874.4,-7.9
282.4,68.2,877.7,-7.9
287.5,61.2,882.7,-7.3
290.9,55.2,887.2,-7
292.5,54.4,890.9,-6.4
298.4,56,893.2,-6.2
293.2,51.7,895.2,-6.1
294.3,51.7,895.9,-5.6
295.4,50.6,897.7,-5.5
287.5,44.6,898.4,-5.5
298.5,44.1,899,-5.2
299.9,44.8,899.5,-4.8
294.8,40.9,901,-4.2
289.1,38.2,902.8,-4.1
297.4,37.9,904.2,-3.4
294.5,37.2,902.1,-3.1
284.8,35,901.6,-3.5
286.3,34.1,907.8,-3
297.1,32.8,909.1,-2.6
294,32.6,911,-2.2
297,32,912.5,-2
284.4,33.1,904.6,-2.3
283.5,31.8,902.6,-2.4
296.2,28.5,911,-1.4
289,27.1,936.5,-1.4
291.4,27.5,928.6,-1.2
295,27,921.9,-1.4
296,27.8,933.4,-1.6
290.7,28.6,924.9,-1.1
289.6,30.6,929.5,-1
295.4,28.8,921.1,-1
300.5,28.6,928,-0.9
295.9,28.2,904.3,-1.2
296.2,28.3,905,-1.2
300.1,29.1,901.7,-1.2
297.1,29.6,895.4,-1.5
296.8,29.9,892.4,-1.8
302.2,30.9,890.9,-2.2
297,30.9,890,-2.2
294.3,31.9,889.3,-2.6
283,32.4,889,-2.8
287.5,30,888.7,-3
289,27.7,888.3,-3.2
282.6,26.5,888,-3.3
286.8,26.4,887.8,-3.5
290,26.6,887.5,-3.7
293.2,28,887.3,-4
297.2,29.1,887,-4
297,30.5,886.8,-4.2
294.4,30.9,886.6,-4.2
298.2,32.1,886.5,-4.3
297.1,33.6,886.3,-4.5
297.3,34.3,886.1,-4.4
292,36.1,885.9,-4.5
297.6,38,885.8,-4.6
297.5,38.1,885.6,-4.5
295.8,37.5,885.5,-4.1
299.9,38.1,885.4,-4.3
295.8,38.8,885.3,-4.5
294.1,38.9,885,-4.5
295.9,38.9,885,-4.4
295.2,40.1,884.9,-4.8
298.1,41.4,884.7,-5.1
295.6,41.3,884.5,-4.8
297.4,41.5,884.5,-4.7
297.6,42,884.3,-4.8
296.7,42.5,884.2,-5.1
299.9,43,884,-5.3
302.6,43,883.9,-5.4
301.2,43.2,883.8,-5.4
296.3,43.2,883.6,-5.5
291.1,43.3,883.5,-5.6
296.2,43.1,883.4,-5.6
295.5,42.3,883.3,-5.4
297.9,41.6,883.1,-5.3
294.8,41.4,883,-5.4
294.1,42.1,882.9,-5.6
292.2,41.5,882.7,-5.4
297.2,42.9,882.7,-5.9
290.2,42.5,882.5,-5.7
297.7,43.8,882.4,-6
299.4,42.8,882.3,-5.8
297.9,41.5,882.2,-5.3
298.8,42.3,882.1,-5.6
299.2,42.7,882,-5.8
298.3,43.3,881.9,-5.8
297.3,44.2,881.8,-6.1
300.4,44.3,881.7,-6.2
299.8,45.1,881.5,-6.3
298.9,46.6,881.4,-6.6
299.1,46.4,881.3,-6.4
298.5,46.6,881.3,-6.5
295.3,47.6,881.2,-6.6
296.6,48.7,880.9,-7.1
293.4,49.9,881.3,-7.4
292.8,47.9,882.2,-6.9
291.4,46,884,-6.1
295.6,44.9,886.2,-5.8
296,44.7,888.8,-5.7
286.2,43,891.5,-5.1
291.4,43.4,894.4,-5
277.1,43.3,896.9,-4.8
291.6,42.8,899.7,-4.5
269.1,41.9,903.2,-4
279.7,38.3,910.9,-3.4
279.5,35.8,935.7,-2.7
281.7,34.8,935.8,-2.2
272.9,34.6,920.7,-1.6
285.2,34.9,921.5,-1.5
286.2,31.2,920.6,-0.7
290.6,29.4,923.3,-0.7
295.8,28.9,920.7,-0.5
292.2,28.3,920.6,0.3
274.6,28.2,933.3,0.2
279.5,26.6,929,0.5
273.4,26,930.2,1.3
301.2,25.1,933.1,1.1
300.9,23.7,932,1.5
268.7,22.9,931.8,2.4
286.4,22.1,931.4,1.9
283.3,21.3,931.2,2.5
290.2,20.6,930.8,2.9
268.2,21.1,931,3.4
291.1,20.2,931.7,3.7
298,19.6,930.3,3.1
293,21.1,931.7,3.5
300.1,20.7,931.3,3.7
295.2,19.9,930.2,3.7
284.3,21.1,930.2,3.4
313.7,20.9,931.1,3.6
290.9,20.1,931.1,3.5
299.6,19.3,931.3,3.2
303.3,20.4,902.3,3.1
305.6,20.3,896.9,2.7
303.4,20.8,893.1,2.4
305.2,22.1,891.3,1.7
308.4,22.1,890.7,1.6
312.1,22.2,890.2,1.5
302.3,22.4,889.8,1.6
300.6,22.2,889.6,1.4
305,22.5,889.2,1.2
312.5,22.9,889,1.2
317.5,22.6,888.8,1.4
317.5,22.3,888.6,1.5
311.5,22.2,888.4,1.3
309.7,21.5,888.2,1.4
304.6,21.7,888,1.3
324.1,22.9,887.8,0.3
250.5,23.9,887.7,0.1
178.9,23.4,887.4,0.3
184.9,25.7,887.2,-0.7
98.1,28.1,887,-0.3
85.5,32.9,886.7,0.4
84.6,30.8,886.6,0.4
84.4,30.1,886.5,-0.2
75.4,32.8,886.3,0.3
75.2,31.8,886.2,0.2
69.1,32.4,886,0
69.1,32.8,885.9,0.1
50.2,33.8,885.8,0.1
79.1,33.6,885.6,0.1
46.4,34.7,885.5,-0.1
22,28.9,885.5,0.4
21.8,28.8,885.4,0.5
7.5,32.4,885.2,0
69.9,34.1,885.1,-0.4
95.5,32.7,884.9,-0.2
94.9,33.4,884.8,-0.4
94.9,33.9,884.7,-0.7
23.5,33.2,884.6,-0.8
345.5,29.5,884.4,-0.6
349.9,28.6,884.4,-0.4
336.6,30.5,884.3,-1.4
325.2,31.2,884.1,-1.8
325.1,30.7,884,-1.8
325.1,29.6,883.9,-1.5
308.3,31.5,883.7,-2.2
313.1,32.1,883.6,-2.5
316.9,31.5,883.5,-2.3
321.8,32,883.4,-2.4
323,32.5,883.3,-2.6
312.4,33.2,883.3,-2.9
293.9,34.8,883.2,-3.2
267,38.9,883,-3.7
298.7,39.7,882.9,-3.3
309.9,39.1,882.8,-3.2
330.7,41.1,882.6,-2.6
329.4,42.5,882.6,-2.7
326.9,44.3,882.5,-2.9
331.1,47.6,882.3,-3.3
320.7,48.2,882.6,-3.5
316.5,47.8,883,-3.4
316.4,47.4,884.2,-3
320.5,48.4,886.1,-3.2
313.9,50.6,888.6,-3.7
312.9,50.2,891.6,-3.4
302.9,48.2,894.5,-2.9
295.3,46.7,896.6,-2.2
300.6,46.2,897.8,-1.8
293.9,45.2,899.8,-1.4
302.1,45.5,900.2,-1.4
293.7,44.6,903.7,-1
300.7,43.6,910.3,-0.7
297.1,41.8,918.3,-0.4
284.8,40.1,924.3,-0.1
298.3,38.7,920.3,0.1
302.8,38.2,932.6,0.6
308.2,37.8,932.3,0.7
314.7,36.4,933.4,1.1
305.3,37.2,932.3,1.1
304.8,36.7,932.9,1.5
293,35.9,932.3,1.8
301.5,34.9,933,2.4
290.1,34.5,900.8,2.5
272.4,34.7,901.3,2.8
267.5,33.4,932.1,3.8
268.1,32.3,930.5,4.1
277.1,31.5,931.3,4.2
268.7,30.1,930.5,4.2
302.1,30.8,905,3.9
267.3,30.4,931.6,4.4
289.2,29.4,929.8,4.7
282.4,29.2,899.4,4.8
312.9,31.1,893.8,4.3
332.3,32.3,892.8,3.6
320.1,31.3,892.7,4
330.3,33.2,892.9,2.9
325.5,33.6,895,2.5
313.7,33.5,894.7,2.8
306.7,33.7,891.3,2.6
305.4,33.8,890,2.4
306.1,33.6,889.4,2.3
312.5,33.6,889.1,2.3
310.6,34.2,888.8,1.9
311.5,34.3,888.6,1.8
312.1,34.4,888.3,1.8
306.5,34.7,888.1,1.7
306.3,34.9,887.9,1.6
295.5,35.4,887.7,1.4
274,37.5,887.5,0.9
277.3,38.8,887.4,0.8
287.3,39,887.1,0.9
282.5,40.4,887,0.5
276,40.5,886.7,-0.1
278.5,40,886.6,-0.2
276,35.8,886.4,0
264.7,37.5,886.2,-0.4
281.5,39.2,886,-0.6
277.3,40.3,885.8,-0.7
283,40.8,885.6,-0.7
282.8,41.7,885.5,-0.8
291.1,41.3,885.3,-0.7
288.8,41.4,885.1,-0.8
291.7,41.9,884.9,-1
290.9,43.1,884.8,-1.3
292.4,42.6,884.6,-1
291.1,41.9,884.4,-1
291.9,42,884.3,-1.1
297.7,41.3,884.1,-1
299,41.8,884,-1.3
299.6,41.6,883.9,-1.3
289.3,41.4,883.7,-1.2
284.8,41.2,883.6,-0.8
293,41.6,883.4,-1
292.3,43.5,883.3,-1.2
292.8,44.8,883.3,-1.4
291.9,44.3,883.2,-1.2
294.8,46.4,883,-1.5
294.2,47.9,883,-1.8
299.4,49.2,882.9,-1.9
294.6,48.2,882.8,-1.8
297.3,45.9,882.7,-1.5
297.3,47.9,882.6,-1.8
299.6,47.9,882.5,-1.6
297.6,49.1,882.5,-1.7
296.2,51.1,882.4,-2
298.5,52.6,882.3,-2
296.9,54.8,882.2,-2.5
296,55.3,882.2,-2.5
298.8,54.2,882.1,-2.4
300.1,54.3,882.1,-2.2
296.3,53.9,881.9,-2.1
302.3,53.5,881.9,-2.1
298.5,54,881.8,-2.3
294.7,51.7,881.8,-1.7
301.9,54,881.7,-2.3
302.4,55.6,881.8,-2.5
304.5,54.2,882.1,-2.3
305.4,54.2,882.9,-2.1
308,53.5,884,-1.9
302.4,53.3,886.2,-1.8
300,52.4,888.5,-1.5
292,51.3,891.4,-1.1
288.7,50.5,894.1,-0.5
299.7,48.8,897,-0.1
302,47.3,899.3,0.2
288.6,44.4,901.4,0.9
291.5,40.9,904.1,1.7
287,36.5,909.7,2.1
292.8,34.5,932.3,2.5
297.7,33.9,919.1,2.8
288.3,33.8,918.6,2.8
296.3,30.6,918.3,3
294.7,31.3,919.4,3.1
287.1,30.5,917.8,3.6
279.3,31.8,918.4,3.8
281.1,32.3,918,3.7
297,30.6,916.2,4.3
292.8,30,918.1,4.9
303.7,27.9,916.2,4.7
303.7,28.1,917.1,5.3
277.9,28.3,917.4,5.4
294.9,27.5,917.2,5.5
299.9,26.9,917.4,5.4
288.9,27.2,917,5.4
290.4,26.5,915.8,5.6
282.6,26.2,916.8,5.6
276.9,26.3,918.4,5.5
280.8,25.4,917.4,5.8
286.1,25.4,917.9,5.7
282.1,25.2,916.1,5.8
285.1,26,916.5,5.4
297.1,25.6,917.2,5.5
283,25.8,901.1,5.2
294,26.3,896.7,5
283.5,26.6,893.6,4.7
294,27.3,891.7,4.3
301.5,28.2,890.7,4.1
305.6,29.2,890.2,3.7
306.6,30.2,889.8,3.7
303.4,31,889.5,3.5
313.2,30.1,889.3,3.3
305.4,30.6,889,3.1
295.7,31.6,888.7,3.5
290,32,888.6,3.3
295.2,32.9,888.3,2.9
282.2,33,888.2,3.1
295.4,33.4,888,2.8
285.3,34.3,887.8,3
289.7,35.2,887.6,2.7
279.2,34.2,887.5,3
265.8,34.8,887.4,2.8
278.3,36.1,887.2,2.3
295.2,35.7,887,2.1
299.4,33.7,886.9,2.4
304.5,32.7,886.7,2.3
295.4,33.8,886.6,1.9
277.5,34.9,886.5,1.6
279.2,37.2,886.4,1.1
285.6,39.3,886.3,0.8
294.6,39.3,886,0.7
283,38.2,886,0.9
276.6,39.9,885.8,0.7
290.7,40.9,885.6,0.1
291.3,39.7,885.5,0.1
287.2,40.1,885.3,0
282.5,42.8,885.2,0.1
298,44.8,885,-0.6
281.3,43.8,884.8,-0.4
308.2,40.2,884.7,-0.1
317.6,39.8,884.6,-0.2
307.9,38.9,884.4,-0.2
292.1,40.1,884.2,-0.6
250.7,42.8,884.1,-1
262.7,42.6,883.8,-1.2
260.2,43.2,883.7,-1.4
260.5,43.8,883.5,-1.5
280.1,44.5,883.3,-1.8
251.5,44.8,883.2,-2.2
284.8,40.5,883,-1.3
296,40.5,882.9,-1.6
293.2,40.4,882.7,-1.6
279.9,39,882.6,-1.2
307.3,40.9,882.5,-1.8
303.8,40.4,882.4,-1.6
309.4,40.8,882.3,-1.8
308.4,40.6,882.2,-1.8
303.9,41,882.2,-2
305.5,42,882.1,-2.3
297.6,42.4,881.9,-2.2
292.2,41.9,881.9,-2
285.5,42.5,881.6,-2
281.5,43.5,881.8,-2.2
286,44.8,882.1,-2.6
291.3,46.2,882.8,-2.9
293.1,46.8,884,-2.9
295,46.7,885.9,-2.8
303.5,44.7,888.5,-2.7
300,41.6,892.2,-2.6
300.3,39.8,895.5,-2.7
301.7,38.2,899.1,-2.5
298.7,37,902.6,-2.5
302.3,35.1,906.6,-2.3
299.1,33.1,914.9,-2.2
292,31.8,935.9,-2.4
284.3,30.9,934.7,-2.2
286.4,31,934.5,-2.3
293.7,31.6,936,-2.2
289.7,31.2,934.7,-1.5
289.7,30.9,935.3,-2
295.2,28.9,932.6,-1.8
292.5,27.4,934,-1.9
299.7,26.8,932.9,-1.5
299.5,25.6,933.3,-1.1
298.9,24.9,931,-0.6
306.1,24.7,935.4,-1
300.1,24,923,-0.8
303.3,26.6,932.7,-0.6
305.4,26,932.5,-0.4
300.8,26.5,921.5,-0.8
298.7,24.6,920.1,-0.3
299.5,24.9,921.2,-0.2
290.3,24.7,921,-0.3
299.5,25,920.4,-0.4
299.7,23.4,921.2,-0.2
294.7,23.4,920.1,-0.2
298.6,22.7,921.1,-0.3
300.8,22.5,919.9,-0.7
303.9,22.5,919,-0.3
297.4,22.4,921.9,-0.5
307.5,22.2,921.1,-0.6
307.4,22.1,900.9,-0.8
302.9,21.9,893.7,-1.1
302.3,22.1,890.8,-1.3
309.5,22,890,-1.4
302.9,22.2,889.6,-1.6
306.9,22.1,889.2,-1.9
312.8,22.2,888.8,-2.1
311.8,22.3,888.5,-2.2
313.5,22.5,888.2,-2.4
311.9,22.9,888,-2.6
298,23.2,887.7,-2.7
304.6,23.4,887.5,-2.5
298.9,23.6,887.3,-2.3
305.9,24.2,887.1,-2.6
302.9,23.4,887,-1.8
304.8,23.1,886.8,-1.6
299.3,23.3,886.7,-1.9
297.3,23.6,886.6,-2
301.5,23.5,886.6,-2
298.4,23.8,886.3,-2.1
296.7,24.1,886.2,-2.2
297.1,24.7,886,-2.4
301.3,24.5,885.9,-2.3
303.6,24.9,885.8,-2.5
302.9,25.3,885.6,-2.6
299.4,26,885.5,-2.9
306.5,26.1,885.3,-2.8
300.4,26.6,885.1,-3
300.8,27.1,884.9,-3
297.9,27.5,884.7,-3.1
296.2,28,884.5,-3.1
296,28.2,884.4,-3.1
298.2,28,884.2,-3
302.2,28.3,884,-3.1
300.4,28.7,883.8,-3.3
300.8,29.3,883.6,-3.5
306.2,29.8,883.3,-3.6
305.5,30.3,883.2,-3.8
302.7,30.6,883,-3.9
306.3,30.5,882.7,-3.9
306.4,31.1,882.5,-4.1
302.9,31.1,882.3,-4.2
299.8,31.9,882.1,-4.6
299,32.9,882,-5
295,32.5,881.7,-4.8
285.5,32.4,881.6,-4.6
283.1,34.2,881.5,-5.2
286.1,34.8,881.3,-5.1
290.7,35.4,881.2,-5.4
293.3,35.2,881.1,-5.2
292.5,35.5,881.1,-5.3
291.7,36.7,880.9,-5.5
295.7,37.5,880.8,-5.8
299.5,37.2,880.7,-5.6
300.5,37,880.6,-5.4
298.6,38.3,880.5,-5.7
298.2,37.4,880.4,-5.4
298.8,36,881,-4.8
286.2,38,882.1,-5.4
290.5,37.7,884.1,-5.2
291.9,38.1,886.8,-5.2
296,37.9,890.7,-5
300.6,37.3,895,-4.8
298.8,36.5,899.1,-4.5
296.3,36,901.5,-4.3
297.4,35.7,906.1,-4.1
302.9,34.6,911.7,-3.7
304.7,34.4,933.9,-3.5
296.2,33.8,937.1,-3.1
298.4,32.8,929.7,-2.5
298,32.1,921.6,-2.1
299.5,31.1,921.4,-2
295.5,31.2,922,-2.1
293.6,29.7,920.3,-1.7
289.9,28.6,924.4,-1.6
291.6,28.2,919.7,-1.3
298.4,27.7,935,-1
295.7,27.4,931.2,-1
301.2,26.8,932.5,-0.5
303.3,25,933,-0.1
288.6,24.2,919.3,0.2
291.5,23.5,918.6,0.2
292.7,23.2,922.2,0.3
288,22.6,934.4,0.5
302.9,22.7,926.6,0.5
299.3,22.5,933.1,0.7
300.5,22.3,933.6,1.1
296.2,21.9,919,0.9
302.6,21.6,920.1,1.3
300.2,21.5,920.4,1.6
297,20,917.4,1.7
288.3,19.1,919.9,1.9
293.5,19.1,918.4,1.7
301,19.3,919.3,1.5
291.5,19,919,1.3
303.4,19.3,918.3,1.4
295.8,19.5,916.2,1.3
304.2,19,896.2,1
305.2,19.9,892,0.5
300.6,21.2,890.9,0.1
300,22.1,890.4,-0.2
307.9,22.2,890,-0.2
304.8,22.8,889.7,-0.4
308.3,23.2,889.3,-0.5
308.3,23.5,889.1,-0.4
311.3,23.4,888.8,-0.3
304.9,23.9,888.6,-0.6
293.1,23.7,888.4,-0.4
258.9,24.1,888.2,-0.7
270.6,24,888,-0.5
284.6,24.3,887.8,-0.6
274.2,24.3,887.7,-0.7
277.9,24,887.5,-0.5
293.4,24.4,887.3,-0.4
304.4,26,887.1,-0.3
305.5,26.6,887.1,-0.2
310.1,27.8,887,-0.1
308,28.1,886.9,-0.1
302.3,28,886.7,-0.3
299.3,28.7,886.6,-0.8
289.1,28.3,886.5,-1.1
285.3,28.4,886.3,-1.3
291.2,28.6,886.1,-1.1
277.8,28.4,886,-1
276.5,28.6,885.8,-1
274.5,28.7,885.6,-0.7
277.6,28.7,885.5,-0.7
279.4,29.2,885.3,-0.8
277.4,29.7,885.2,-0.8
284.8,30.3,885.1,-0.9
302.7,29.5,884.9,-0.4
298.8,28.4,884.8,-0.1
272,31.5,884.6,-1.4
288.1,31.8,884.4,-1.3
293.1,30.9,884.3,-0.8
264.3,31.3,884,-0.9
258.8,32,883.9,-1.1
265.9,31.9,883.7,-0.9
270.1,32.3,883.4,-1.1
278.7,31.9,883.3,-0.9
277,32.5,883.1,-1
277.7,32.6,882.9,-0.9
285.3,32.7,882.8,-1
276,32.3,882.6,-0.7
292.9,31.4,882.5,-0.2
297,31.6,882.5,-0.1
294.7,32.1,882.3,-0.2
293,31.9,882.3,0
292.9,32.6,882.2,-0.3
293.4,32.4,882.2,-0.2
290.5,32.1,882.2,-0.3
293.7,33.2,882.1,-0.8
298,32.6,881.9,-0.7
297.5,32.6,882.2,-0.9
295.5,33.1,883,-1.1
291.6,32.4,884.4,-0.9
295.3,31.6,887.6,-0.2
292.9,33.2,890.2,0
292.5,34.4,893.5,0.2
290.9,35.7,896.6,0.5
287.6,36.6,898.8,0.7
286.8,37.1,902.1,0.7
285.6,37.2,905,0.9
293.1,36.9,909.2,1.4
292.6,36.2,926.9,1.8
299.6,34.2,932.9,2.4
296.4,33.9,933.5,2.8
297.5,34.1,931.8,2.8
302.8,34.2,930.3,2.9
294.7,35.6,931.2,2.8
302.3,36,930,3
301.5,35.3,930.9,3.3
298.9,34.5,930.9,3.5
296.6,34.6,932.5,3.7
296.8,34.5,930.2,3.6
299.2,34,917.2,3.9
302.9,33.5,917.7,4.2
302.2,33.4,915.9,4.4
299.5,33.5,917,4.6
304.7,33.8,917.2,4.6
307.2,33.4,916.9,4.9
298.9,33.5,915.2,5
309.3,33.1,918.2,5.3
303.5,32.8,916.9,5.5
294.9,32.3,917.6,5.7
295.7,32.1,916.9,5.8
291.9,32.1,917.9,5.8
298.1,32,918.1,5.8
297.2,31.9,916.9,5.9
297.2,31.6,916.7,6.1
299.1,31.8,917,5.9
300.9,32,905.3,5.7
298.1,32.4,897.3,5.5
303.9,33.2,893.4,5.1
301,33.8,891.6,4.7
300.9,33.6,891,4.6
297,32,890.7,5.1
304.2,32.9,890.3,4.8
303.2,32.8,890.1,4.8
304.4,33.3,889.8,4.6
302.1,32.9,889.6,4.5
297.7,32.1,889.4,4.9
305,32.8,889.2,4.6
299.1,32.6,889,4.6
294.4,32,888.8,4.8
299,32,888.8,4.7
302.9,32.2,888.6,4.6
300.1,32.9,888.5,4.2
300.3,33.3,888.3,4
300.1,33.1,888.1,4.1
293.6,33.4,888,3.9
293.5,33.7,887.9,3.8
296.4,34,887.7,3.7
292.3,33.2,887.5,4.2
279.9,33.9,887.5,3.8
287.9,34.8,887.2,3.5
290.3,34.3,887.1,3.7
297.8,33.6,886.9,4.2
307.2,32.1,886.9,5.1
309.6,32.5,886.8,4.8
304.2,32.5,886.7,4.7
301.3,32,886.5,4.9
302.8,31.3,886.4,4.9
300.1,30.3,886.4,5.3
302.3,30.4,886.3,5.3
309.2,31.1,886.1,4.9
299.3,31.3,886,4.8
299.9,31.7,885.8,4.5
296.6,32,885.6,4.4
287.9,32.4,885.4,4.1
284.4,34,885.3,3.4
284.4,34.2,885.1,3.4
281.8,34.3,884.9,3.3
280.9,34.2,884.7,3.4
280.2,35.1,884.5,3
288.8,35.4,884.3,2.9
300.9,33.5,884.2,4.1
300.6,33.6,883.9,4.1
294.3,34,883.9,3.7
291.7,32.7,883.7,4
299.3,34.4,883.7,3.1
292,35.7,883.5,2.6
294.9,34.5,883.3,3.2
298,35.7,883.2,2.8
297.1,35.5,883.1,3
289.4,34.4,883,3.5
300.6,34.2,883,3.7
301.1,35.1,882.9,3.2
302.9,34.3,882.7,3.6
298.2,33,883.1,4.2
298.4,31.9,883.9,4.8
299.7,32.8,885.4,4.3
296.4,33.1,887.4,4.2
297.5,33.5,889.9,4.2
303.6,34.7,893,3.7
292.4,33.3,895.7,4.6
293.6,34.7,897.4,4.4
295.9,33.6,899.8,5.1
302.6,33.8,902.7,5.3
300.2,32.1,905.6,6
306.3,31.5,914,6.4
298.9,30.4,929.6,7.1
296.2,28.8,928.9,7.8
287.2,25.5,928.2,9.2
299.8,23.2,928.1,10.2
301.5,22,926.1,10.4
290.2,20.6,925.6,11.1
298.1,21.3,926.6,11
304,22.1,925.4,10.8
306.7,20.2,925.6,10.4
304.2,20.2,925.8,10.5
294.9,19.4,913.8,11.4
301.7,19.8,913,11.1
294.8,19.3,912.6,12.2
297.9,18.6,912.4,12.1
297.1,17.8,912,12.2
300.3,17,913.1,12.8
275,16.5,911.7,12.5
288,16.5,912.7,12.4
280.8,16.5,912.2,12.8
286.2,15.9,912.7,13
286.7,15.7,912.1,13.2
302.5,15.5,911.2,13.5
288.6,15.5,911.5,13.8
288.4,15.5,911.1,14
291.3,15,911.4,13.4
287.1,15,911.4,13.2
293.4,15.3,911.6,13.1
301.4,15.4,905.2,12.8
304.4,15.8,896.3,12.3
303.4,16.3,892.8,11.7
301.8,16.9,891.8,11.3
298.6,17,891.4,11.2
294.8,17.3,891.1,10.7
300.9,16.4,890.8,11
311.5,15.9,890.6,10.9
311.4,16.1,890.3,11
308.5,17,890.1,11
314.1,18.1,889.9,10.6
320.2,18.3,889.8,10.6
322,18.9,889.5,10.4
